#
# There is insufficient memory for the Java Runtime Environment to continue.
# Native memory allocation (malloc) failed to allocate 1138736 bytes. Error detail: Chunk::new
# Possible reasons:
#   The system is out of physical RAM or swap space
#   This process is running with CompressedOops enabled, and the Java Heap may be blocking the growth of the native heap
# Possible solutions:
#   Reduce memory load on the system
#   Increase physical memory or swap space
#   Check if swap backing store is full
#   Decrease Java heap size (-Xmx/-Xms)
#   Decrease number of Java threads
#   Decrease Java thread stack sizes (-Xss)
#   Set larger code cache with -XX:ReservedCodeCacheSize=
#   JVM is running with Unscaled Compressed Oops mode in which the Java heap is
#     placed in the first 4GB address space. The Java Heap base address is the
#     maximum limit for the native heap growth. Please use -XX:HeapBaseMinAddress
#     to set the Java Heap base and to place the Java Heap above 4GB virtual address.
# This output file may be truncated or incomplete.
#
#  Out of Memory Error (arena.cpp:191), pid=10384, tid=2460
#
# JRE version: OpenJDK Runtime Environment Temurin-17.0.14+7 (17.0.14+7) (build 17.0.14+7)
# Java VM: OpenJDK 64-Bit Server VM Temurin-17.0.14+7 (17.0.14+7, mixed mode, sharing, tiered, compressed oops, compressed class ptrs, g1 gc, windows-amd64)
# No core dump will be written. Minidumps are not enabled by default on client versions of Windows
#

---------------  S U M M A R Y ------------

Command Line: --add-opens=java.base/java.util=ALL-UNNAMED --add-opens=java.base/java.lang=ALL-UNNAMED --add-opens=java.base/java.lang.invoke=ALL-UNNAMED --add-opens=java.base/java.util=ALL-UNNAMED --add-opens=java.prefs/java.util.prefs=ALL-UNNAMED --add-opens=java.prefs/java.util.prefs=ALL-UNNAMED --add-opens=java.base/java.nio.charset=ALL-UNNAMED --add-opens=java.base/java.net=ALL-UNNAMED --add-opens=java.base/java.util.concurrent.atomic=ALL-UNNAMED -Xmx2048m -Dfile.encoding=UTF-8 -Duser.country=CN -Duser.language=zh -Duser.variant org.gradle.launcher.daemon.bootstrap.GradleDaemon 7.4

Host: 12th Gen Intel(R) Core(TM) i7-12700, 20 cores, 31G,  Windows 11 , 64 bit Build 26100 (10.0.26100.3323)
Time: Fri Mar 13 09:38:26 2026  Windows 11 , 64 bit Build 26100 (10.0.26100.3323) elapsed time: 293.784143 seconds (0d 0h 4m 53s)

---------------  T H R E A D  ---------------

Current thread (0x000000002280f6e0):  JavaThread "C2 CompilerThread0" daemon [_thread_in_native, id=2460, stack(0x0000000068200000,0x0000000068300000)]


Current CompileTask:
C2: 293784 45147       4       java.net.URI$Parser::parse (243 bytes)

Stack: [0x0000000068200000,0x0000000068300000]
Native frames: (J=compiled Java code, j=interpreted, Vv=VM code, C=native code)
V  [jvm.dll+0x682eb9]
V  [jvm.dll+0x8399c8]
V  [jvm.dll+0x83b473]
V  [jvm.dll+0x83bae3]
V  [jvm.dll+0x24715f]
V  [jvm.dll+0xace44]
V  [jvm.dll+0xad4dc]
V  [jvm.dll+0x2ac98f]
V  [jvm.dll+0x588f69]
V  [jvm.dll+0x220fb2]
V  [jvm.dll+0x2213af]
V  [jvm.dll+0x21a3b0]
V  [jvm.dll+0x21748b]
V  [jvm.dll+0x1a3150]
V  [jvm.dll+0x22799c]
V  [jvm.dll+0x225afb]
V  [jvm.dll+0x7ef128]
V  [jvm.dll+0x7e948c]
V  [jvm.dll+0x681d97]
C  [ucrtbase.dll+0x37b0]
C  [KERNEL32.DLL+0x2e8d7]
C  [ntdll.dll+0xbbf6c]


---------------  P R O C E S S  ---------------

Threads class SMR info:
_java_thread_list=0x000000011907eb60, length=353, elements={
0x0000000002ceeb50, 0x00000000227f4390, 0x00000000227f6880, 0x0000000022806010,
0x00000000228064f0, 0x00000000228069d0, 0x000000002280eed0, 0x000000002280f6e0,
0x0000000022811c10, 0x0000000022839990, 0x00000000229c50b0, 0x00000000229cc1e0,
0x000000006c501e40, 0x000000006ae3d830, 0x000000006ac5d450, 0x000000006a6b1630,
0x000000006a6b0700, 0x000000006a6b2050, 0x000000006a6b0c10, 0x000000006a6b1120,
0x000000006a6b2a70, 0x000000006ee7dce0, 0x000000006ee7b460, 0x000000006ee7c390,
0x000000006ee7cdb0, 0x000000006ee7d2c0, 0x000000006ee7e1f0, 0x000000006ee7aa40,
0x000000006ee7c8a0, 0x000000006ee7d7d0, 0x000000006ee7e700, 0x000000006ee7b970,
0x000000006ee7af50, 0x000000006ee7ec10, 0x000000006ee7f120, 0x000000006ee7f630,
0x000000006ee7be80, 0x000000006ee80f80, 0x000000006ee80560, 0x000000006ee80a70,
0x000000006ee81eb0, 0x000000006cafc960, 0x000000006fb6c5e0, 0x00000000799dbe20,
0x000000007509cef0, 0x000000007509bab0, 0x000000007509c4d0, 0x00000000733d1660,
0x000000007509d400, 0x000000007509bfc0, 0x000000007509d910, 0x000000007509de20,
0x000000007509c9e0, 0x000000007509ab80, 0x000000007509e330, 0x000000007142d3d0,
0x000000007142d8e0, 0x000000006fdd29b0, 0x000000006fdd2ec0, 0x000000006fdd33d0,
0x000000006fdd24a0, 0x000000006fdd3df0, 0x000000006fdd38e0, 0x000000006ac4cff0,
0x000000006ac4ee50, 0x000000006ac4d500, 0x000000006ac4f360, 0x000000006ac4cae0,
0x000000006ac4df20, 0x000000006ac4c0c0, 0x000000006ac4f870, 0x000000006ac4e430,
0x000000006ac4da10, 0x000000006ac4c5d0, 0x000000006ac4e940, 0x000000006fb26650,
0x000000006fb289c0, 0x000000006fb27fa0, 0x000000006fb284b0, 0x000000006fb293e0,
0x000000006f3310a0, 0x000000006f333e30, 0x000000006f3324e0, 0x000000006f332f00,
0x0000000069f9c610, 0x0000000069f9a7b0, 0x0000000069f99d90, 0x0000000069f9cb20,
0x0000000069f9bbf0, 0x0000000069f9acc0, 0x0000000072e339c0, 0x0000000072e343e0,
0x0000000072e348f0, 0x0000000072e33ed0, 0x0000000072e34e00, 0x0000000072e35310,
0x000000007bdace60, 0x000000007bdad370, 0x000000007bdab510, 0x000000007bdadd90,
0x000000007bdad880, 0x000000007bdac950, 0x000000007bdae2a0, 0x000000007bdae7b0,
0x000000007bdac440, 0x000000007bdab000, 0x000000007bdaba20, 0x000000007bdabf30,
0x000000007b55a940, 0x000000007b55bd80, 0x000000007b55b360, 0x000000007b55b870,
0x000000007b558ff0, 0x000000007b55ae50, 0x000000007b55a430, 0x000000007b55c290,
0x000000007b55c7a0, 0x000000007b559500, 0x000000007b559a10, 0x000000007b559f20,
0x000000006f018030, 0x000000006f016bf0, 0x000000006f017100, 0x000000006f018540,
0x000000006f017610, 0x000000006f017b20, 0x000000006f018a50, 0x000000006f018f60,
0x000000006f019470, 0x000000006f019e90, 0x000000006f01a3a0, 0x000000006f019980,
0x000000006fd3d6e0, 0x000000006fd3eb20, 0x00000000733d1b70, 0x00000000733d0220,
0x00000000733d0730, 0x00000000795f3450, 0x00000000795f15f0, 0x00000000795f1b00,
0x00000000795f4380, 0x00000000795f4890, 0x00000000795f4da0, 0x00000000795f3960,
0x00000000795f2010, 0x00000000795f2520, 0x00000000795f2f40, 0x0000000069f9d540,
0x0000000069f9b1d0, 0x0000000069f9c100, 0x00000000795f2a30, 0x00000000698cdfc0,
0x00000000698cd5a0, 0x000000006fb25c30, 0x000000006fb27a90, 0x000000006fb28ed0,
0x0000000079775b60, 0x000000006fd3b370, 0x000000006fd3e610, 0x000000007299f4b0,
0x000000007299ea90, 0x000000007299efa0, 0x000000006c3edb40, 0x000000006c3eef80,
0x000000006c3ed630, 0x000000006c3ee560, 0x00000000799dc840, 0x000000006c3ebce0,
0x000000006c3eea70, 0x000000006c3eb7d0, 0x000000006c3ed120, 0x000000006fb27580,
0x00000000698cdab0, 0x00000000698cc160, 0x00000000698ccb80, 0x00000000698ce4d0,
0x00000000698cf400, 0x00000000698ce9e0, 0x00000000698ceef0, 0x000000006fd3b880,
0x000000006fd3d1d0, 0x000000006c3ec1f0, 0x000000006c3ec700, 0x000000006c3ecc10,
0x000000006c3ee050, 0x00000000792733d0, 0x0000000079274810, 0x00000000792738e0,
0x0000000077ed29a0, 0x0000000077ed2490, 0x0000000077ed1050, 0x0000000077ed1a70,
0x0000000077ed1560, 0x0000000077ed1f80, 0x000000006f8c6980, 0x000000006f8c4610,
0x00000000799dcd50, 0x00000000799dc330, 0x00000000799db400, 0x00000000799db910,
0x0000000069f9d030, 0x00000000698cbc50, 0x000000007257f560, 0x0000000075f993b0,
0x0000000075f98ea0, 0x0000000075f9a2e0, 0x0000000075f98990, 0x0000000075f97a60,
0x0000000075f998c0, 0x000000006fd3dbf0, 0x0000000075f97040, 0x0000000075f99dd0,
0x0000000075f97550, 0x0000000075f97f70, 0x0000000075f9a7f0, 0x0000000075f98480,
0x0000000075642820, 0x0000000079776580, 0x0000000079775140, 0x0000000077b92590,
0x0000000077b95320, 0x0000000070c3d2e0, 0x0000000070c3c8c0, 0x0000000070c3cdd0,
0x0000000068a91f60, 0x0000000068a938b0, 0x0000000068a93dc0, 0x0000000068a942d0,
0x0000000077b92fb0, 0x0000000077b934c0, 0x0000000077b939d0, 0x0000000077b93ee0,
0x0000000077b94900, 0x0000000077b95830, 0x0000000077b92aa0, 0x000000007492eeb0,
0x000000007492e490, 0x000000007492f3c0, 0x000000007492da70, 0x000000007492e9a0,
0x00000000727c7690, 0x00000000727c7ba0, 0x00000000727c80b0, 0x00000000727c6c70,
0x000000006c7e0440, 0x000000006c7e22a0, 0x000000006c7e27b0, 0x0000000079774c30,
0x0000000076868120, 0x000000007686a490, 0x0000000076869560, 0x0000000076869a70,
0x000000006c7e1d90, 0x000000006c7e2cc0, 0x000000006c7e31d0, 0x0000000075bda470,
0x0000000075bda980, 0x0000000075bdb3a0, 0x0000000075bdae90, 0x0000000075bd9a50,
0x0000000075bd9f60, 0x0000000069a77bc0, 0x0000000069a785e0, 0x0000000069a78af0,
0x00000000689db9b0, 0x00000000689db4a0, 0x00000000689daf90, 0x000000007279b8c0,
0x00000000727c8fe0, 0x00000000727c9f10, 0x00000000727c7180, 0x00000000727c85c0,
0x00000000727c8ad0, 0x00000000727c94f0, 0x00000000727c9a00, 0x00000000727ca420,
0x0000000077e378b0, 0x0000000077e387e0, 0x0000000076868630, 0x000000007279c7f0,
0x0000000069f9a2a0, 0x0000000069fa1200, 0x000000006f8c6e90, 0x0000000077301750,
0x0000000077300d30, 0x0000000077300310, 0x0000000077300820, 0x000000006fd3bd90,
0x000000006fd3c2a0, 0x000000006fd3ccc0, 0x000000006fd3e100, 0x00000000772ffe00,
0x0000000074f43b60, 0x0000000074f44580, 0x0000000074f44070, 0x0000000079275230,
0x000000006f8c4b20, 0x000000006f8c5030, 0x000000006f8c5f60, 0x0000000069a79000,
0x0000000069a780d0, 0x000000007279bdd0, 0x0000000069f9e470, 0x0000000069f9da50,
0x0000000069fa1710, 0x0000000069f9f3a0, 0x0000000069f9df60, 0x0000000069f9ee90,
0x0000000069f9f8b0, 0x0000000079274300, 0x0000000079273df0, 0x0000000113156c70,
0x0000000113157180, 0x00000001131585c0, 0x00000001131594f0, 0x0000000113159a00,
0x0000000113159f10, 0x0000000113157ba0, 0x0000000113158ad0, 0x0000000077284ca0,
0x0000000077284790, 0x0000000077286b00, 0x000000006f3315b0, 0x00000000779aad50,
0x00000000779a92c0, 0x00000000779a9810, 0x00000000779a9d60, 0x000000010241d5b0,
0x000000010241db00, 0x0000000111935830, 0x0000000111935d80, 0x0000000079afdfc0,
0x000000006fb27070, 0x000000007563ffa0, 0x000000007142cec0, 0x0000000068a92470,
0x000000006f334340, 0x000000006f8c4100, 0x000000007738a410, 0x0000000079afd090,
0x0000000074cabe80, 0x000000007279cd00, 0x0000000076867c10, 0x0000000076869f80,
0x00000000772865f0, 0x0000000077287010, 0x0000000069a7a950, 0x000000011608a4b0,
0x0000000116088b60, 0x00000000732c29d0, 0x00000000772856c0, 0x0000000077285bd0,
0x0000000077287520
}

Java Threads: ( => current thread )
  0x0000000002ceeb50 JavaThread "main" [_thread_blocked, id=3964, stack(0x00000000022f0000,0x00000000023f0000)]
  0x00000000227f4390 JavaThread "Reference Handler" daemon [_thread_blocked, id=8988, stack(0x0000000022bd0000,0x0000000022cd0000)]
  0x00000000227f6880 JavaThread "Finalizer" daemon [_thread_blocked, id=3408, stack(0x0000000022cd0000,0x0000000022dd0000)]
  0x0000000022806010 JavaThread "Signal Dispatcher" daemon [_thread_blocked, id=8176, stack(0x0000000022dd0000,0x0000000022ed0000)]
  0x00000000228064f0 JavaThread "Attach Listener" daemon [_thread_blocked, id=3456, stack(0x0000000022ed0000,0x0000000022fd0000)]
  0x00000000228069d0 JavaThread "Service Thread" daemon [_thread_blocked, id=21588, stack(0x0000000068000000,0x0000000068100000)]
  0x000000002280eed0 JavaThread "Monitor Deflation Thread" daemon [_thread_blocked, id=29120, stack(0x0000000068100000,0x0000000068200000)]
=>0x000000002280f6e0 JavaThread "C2 CompilerThread0" daemon [_thread_in_native, id=2460, stack(0x0000000068200000,0x0000000068300000)]
  0x0000000022811c10 JavaThread "C1 CompilerThread0" daemon [_thread_in_native, id=28448, stack(0x0000000068300000,0x0000000068400000)]
  0x0000000022839990 JavaThread "Sweeper thread" daemon [_thread_blocked, id=12600, stack(0x0000000068410000,0x0000000068510000)]
  0x00000000229c50b0 JavaThread "Common-Cleaner" daemon [_thread_blocked, id=9024, stack(0x0000000068610000,0x0000000068710000)]
  0x00000000229cc1e0 JavaThread "Notification Thread" daemon [_thread_blocked, id=25768, stack(0x0000000068710000,0x0000000068810000)]
  0x000000006c501e40 JavaThread "Daemon health stats" [_thread_blocked, id=27476, stack(0x000000006d280000,0x000000006d380000)]
  0x000000006ae3d830 JavaThread "Incoming local TCP Connector on port 56956" [_thread_in_native, id=28772, stack(0x000000006d380000,0x000000006d480000)]
  0x000000006ac5d450 JavaThread "Daemon periodic checks" [_thread_blocked, id=8968, stack(0x000000006d530000,0x000000006d630000)]
  0x000000006a6b1630 JavaThread "Cache worker for journal cache (C:\Users\Administrator\.gradle\caches\journal-1)" [_thread_blocked, id=17516, stack(0x000000006e250000,0x000000006e350000)]
  0x000000006a6b0700 JavaThread "File lock request listener" [_thread_in_native, id=7804, stack(0x000000006e350000,0x000000006e450000)]
  0x000000006a6b2050 JavaThread "Cache worker for file hash cache (C:\Users\Administrator\.gradle\caches\7.4\fileHashes)" [_thread_blocked, id=8308, stack(0x000000006e450000,0x000000006e550000)]
  0x000000006a6b0c10 JavaThread "File watcher server" daemon [_thread_in_native, id=20828, stack(0x000000006f520000,0x000000006f620000)]
  0x000000006a6b1120 JavaThread "File watcher consumer" daemon [_thread_blocked, id=21320, stack(0x000000006f620000,0x000000006f720000)]
  0x000000006a6b2a70 JavaThread "jar transforms" [_thread_blocked, id=25612, stack(0x0000000069110000,0x0000000069210000)]
  0x000000006ee7dce0 JavaThread "jar transforms Thread 2" [_thread_blocked, id=15852, stack(0x0000000069210000,0x0000000069310000)]
  0x000000006ee7b460 JavaThread "jar transforms Thread 3" [_thread_blocked, id=22876, stack(0x000000006a2e0000,0x000000006a3e0000)]
  0x000000006ee7c390 JavaThread "jar transforms Thread 4" [_thread_blocked, id=18628, stack(0x000000006a3e0000,0x000000006a4e0000)]
  0x000000006ee7cdb0 JavaThread "jar transforms Thread 5" [_thread_blocked, id=11832, stack(0x000000006a4e0000,0x000000006a5e0000)]
  0x000000006ee7d2c0 JavaThread "jar transforms Thread 6" [_thread_blocked, id=29452, stack(0x000000006f720000,0x000000006f820000)]
  0x000000006ee7e1f0 JavaThread "jar transforms Thread 7" [_thread_blocked, id=24868, stack(0x0000000071850000,0x0000000071950000)]
  0x000000006ee7aa40 JavaThread "jar transforms Thread 8" [_thread_blocked, id=27828, stack(0x0000000071950000,0x0000000071a50000)]
  0x000000006ee7c8a0 JavaThread "jar transforms Thread 9" [_thread_blocked, id=24448, stack(0x0000000071a50000,0x0000000071b50000)]
  0x000000006ee7d7d0 JavaThread "jar transforms Thread 10" [_thread_blocked, id=14584, stack(0x0000000071b50000,0x0000000071c50000)]
  0x000000006ee7e700 JavaThread "jar transforms Thread 11" [_thread_blocked, id=7852, stack(0x0000000071c50000,0x0000000071d50000)]
  0x000000006ee7b970 JavaThread "jar transforms Thread 12" [_thread_blocked, id=25772, stack(0x0000000071d50000,0x0000000071e50000)]
  0x000000006ee7af50 JavaThread "jar transforms Thread 13" [_thread_blocked, id=28060, stack(0x0000000071e50000,0x0000000071f50000)]
  0x000000006ee7ec10 JavaThread "jar transforms Thread 14" [_thread_blocked, id=13964, stack(0x0000000071f50000,0x0000000072050000)]
  0x000000006ee7f120 JavaThread "jar transforms Thread 15" [_thread_blocked, id=12104, stack(0x0000000072050000,0x0000000072150000)]
  0x000000006ee7f630 JavaThread "jar transforms Thread 16" [_thread_blocked, id=3756, stack(0x0000000072150000,0x0000000072250000)]
  0x000000006ee7be80 JavaThread "jar transforms Thread 17" [_thread_blocked, id=17456, stack(0x0000000072250000,0x0000000072350000)]
  0x000000006ee80f80 JavaThread "jar transforms Thread 18" [_thread_blocked, id=20412, stack(0x0000000072350000,0x0000000072450000)]
  0x000000006ee80560 JavaThread "jar transforms Thread 19" [_thread_blocked, id=27936, stack(0x0000000072450000,0x0000000072550000)]
  0x000000006ee80a70 JavaThread "jar transforms Thread 20" [_thread_blocked, id=28520, stack(0x0000000073540000,0x0000000073640000)]
  0x000000006ee81eb0 JavaThread "Cache worker for execution history cache (C:\Users\Administrator\.gradle\caches\7.4\executionHistory)" [_thread_blocked, id=7172, stack(0x0000000074240000,0x0000000074340000)]
  0x000000006cafc960 JavaThread "Cache worker for file content cache (C:\Users\Administrator\.gradle\caches\7.4\fileContent)" [_thread_blocked, id=18608, stack(0x0000000074740000,0x0000000074840000)]
  0x000000006fb6c5e0 JavaThread "Memory manager" [_thread_blocked, id=27744, stack(0x0000000073740000,0x0000000073840000)]
  0x00000000799dbe20 JavaThread "Daemon Thread 2" [_thread_blocked, id=27300, stack(0x0000000000730000,0x0000000000830000)]
  0x000000007509cef0 JavaThread "Handler for socket connection from /127.0.0.1:56956 to /127.0.0.1:62747" [_thread_in_native, id=2480, stack(0x0000000000830000,0x0000000000930000)]
  0x000000007509bab0 JavaThread "Cancel handler" [_thread_blocked, id=20252, stack(0x0000000000930000,0x0000000000a30000)]
  0x000000007509c4d0 JavaThread "Daemon worker Thread 2" [_thread_blocked, id=17564, stack(0x0000000068510000,0x0000000068610000)]
  0x00000000733d1660 JavaThread "Asynchronous log dispatcher for DefaultDaemonConnection: socket connection from /127.0.0.1:56956 to /127.0.0.1:62747" [_thread_blocked, id=17356, stack(0x000000006b5b0000,0x000000006b6b0000)]
  0x000000007509d400 JavaThread "Stdin handler" [_thread_blocked, id=21992, stack(0x000000006b6b0000,0x000000006b7b0000)]
  0x000000007509bfc0 JavaThread "Daemon client event forwarder" [_thread_blocked, id=15032, stack(0x000000006da50000,0x000000006db50000)]
  0x000000007509d910 JavaThread "Cache worker for checksums cache (D:\Android\AndroidProjects\demo-test-android\DemoRxJava\.gradle\7.4\checksums)" [_thread_blocked, id=27168, stack(0x000000006db50000,0x000000006dc50000)]
  0x000000007509de20 JavaThread "Cache worker for cache directory md-rule (C:\Users\Administrator\.gradle\caches\7.4\md-rule)" [_thread_blocked, id=27496, stack(0x000000006dc50000,0x000000006dd50000)]
  0x000000007509c9e0 JavaThread "Cache worker for file hash cache (D:\Android\AndroidProjects\demo-test-android\DemoRxJava\.gradle\7.4\fileHashes)" [_thread_blocked, id=25848, stack(0x000000006dd50000,0x000000006de50000)]
  0x000000007509ab80 JavaThread "Cache worker for cache directory md-supplier (C:\Users\Administrator\.gradle\caches\7.4\md-supplier)" [_thread_blocked, id=21448, stack(0x000000006de50000,0x000000006df50000)]
  0x000000007509e330 JavaThread "Cache worker for dependencies-accessors (D:\Android\AndroidProjects\demo-test-android\DemoRxJava\.gradle\7.4\dependencies-accessors)" [_thread_blocked, id=27480, stack(0x0000000074040000,0x0000000074140000)]
  0x000000007142d3d0 JavaThread "Cache worker for Build Output Cleanup Cache (D:\Android\AndroidProjects\demo-test-android\DemoRxJava\.gradle\buildOutputCleanup)" [_thread_blocked, id=28820, stack(0x0000000074140000,0x0000000074240000)]
  0x000000007142d8e0 JavaThread "Unconstrained build operations" [_thread_blocked, id=22728, stack(0x0000000074570000,0x0000000074670000)]
  0x000000006fdd29b0 JavaThread "Unconstrained build operations Thread 2" [_thread_blocked, id=29520, stack(0x00000000768e0000,0x00000000769e0000)]
  0x000000006fdd2ec0 JavaThread "Unconstrained build operations Thread 3" [_thread_blocked, id=24632, stack(0x00000000769e0000,0x0000000076ae0000)]
  0x000000006fdd33d0 JavaThread "Unconstrained build operations Thread 4" [_thread_blocked, id=20192, stack(0x0000000076ae0000,0x0000000076be0000)]
  0x000000006fdd24a0 JavaThread "Unconstrained build operations Thread 5" [_thread_blocked, id=29128, stack(0x0000000074440000,0x0000000074540000)]
  0x000000006fdd3df0 JavaThread "Unconstrained build operations Thread 6" [_thread_blocked, id=11872, stack(0x0000000076be0000,0x0000000076ce0000)]
  0x000000006fdd38e0 JavaThread "Unconstrained build operations Thread 7" [_thread_blocked, id=29592, stack(0x0000000076ce0000,0x0000000076de0000)]
  0x000000006ac4cff0 JavaThread "Unconstrained build operations Thread 8" [_thread_blocked, id=12028, stack(0x0000000076de0000,0x0000000076ee0000)]
  0x000000006ac4ee50 JavaThread "Unconstrained build operations Thread 9" [_thread_blocked, id=27832, stack(0x0000000076ee0000,0x0000000076fe0000)]
  0x000000006ac4d500 JavaThread "Unconstrained build operations Thread 10" [_thread_blocked, id=26772, stack(0x0000000076fe0000,0x00000000770e0000)]
  0x000000006ac4f360 JavaThread "Unconstrained build operations Thread 11" [_thread_blocked, id=29516, stack(0x00000000770e0000,0x00000000771e0000)]
  0x000000006ac4cae0 JavaThread "Unconstrained build operations Thread 12" [_thread_blocked, id=14644, stack(0x00000000781f0000,0x00000000782f0000)]
  0x000000006ac4df20 JavaThread "Unconstrained build operations Thread 13" [_thread_blocked, id=28824, stack(0x00000000782f0000,0x00000000783f0000)]
  0x000000006ac4c0c0 JavaThread "Unconstrained build operations Thread 14" [_thread_blocked, id=7632, stack(0x00000000783f0000,0x00000000784f0000)]
  0x000000006ac4f870 JavaThread "Unconstrained build operations Thread 15" [_thread_blocked, id=2852, stack(0x00000000784f0000,0x00000000785f0000)]
  0x000000006ac4e430 JavaThread "Unconstrained build operations Thread 16" [_thread_blocked, id=29568, stack(0x00000000785f0000,0x00000000786f0000)]
  0x000000006ac4da10 JavaThread "Unconstrained build operations Thread 17" [_thread_blocked, id=3028, stack(0x00000000786f0000,0x00000000787f0000)]
  0x000000006ac4c5d0 JavaThread "Unconstrained build operations Thread 18" [_thread_blocked, id=21428, stack(0x00000000787f0000,0x00000000788f0000)]
  0x000000006ac4e940 JavaThread "Unconstrained build operations Thread 19" [_thread_blocked, id=9008, stack(0x00000000788f0000,0x00000000789f0000)]
  0x000000006fb26650 JavaThread "Unconstrained build operations Thread 20" [_thread_blocked, id=22408, stack(0x00000000789f0000,0x0000000078af0000)]
  0x000000006fb289c0 JavaThread "Unconstrained build operations Thread 21" [_thread_blocked, id=28524, stack(0x0000000078af0000,0x0000000078bf0000)]
  0x000000006fb27fa0 JavaThread "Unconstrained build operations Thread 22" [_thread_blocked, id=13176, stack(0x0000000078bf0000,0x0000000078cf0000)]
  0x000000006fb284b0 JavaThread "Unconstrained build operations Thread 23" [_thread_blocked, id=16084, stack(0x0000000078cf0000,0x0000000078df0000)]
  0x000000006fb293e0 JavaThread "Unconstrained build operations Thread 24" [_thread_blocked, id=15496, stack(0x000000007cd80000,0x000000007ce80000)]
  0x000000006f3310a0 JavaThread "Unconstrained build operations Thread 25" [_thread_blocked, id=28736, stack(0x000000007ce80000,0x000000007cf80000)]
  0x000000006f333e30 JavaThread "Unconstrained build operations Thread 26" [_thread_blocked, id=29008, stack(0x000000007cf80000,0x000000007d080000)]
  0x000000006f3324e0 JavaThread "Unconstrained build operations Thread 27" [_thread_blocked, id=18680, stack(0x000000007d080000,0x000000007d180000)]
  0x000000006f332f00 JavaThread "Unconstrained build operations Thread 28" [_thread_blocked, id=22400, stack(0x000000007d180000,0x000000007d280000)]
  0x0000000069f9c610 JavaThread "Unconstrained build operations Thread 29" [_thread_blocked, id=21092, stack(0x000000007d280000,0x000000007d380000)]
  0x0000000069f9a7b0 JavaThread "Unconstrained build operations Thread 30" [_thread_blocked, id=12604, stack(0x000000007d380000,0x000000007d480000)]
  0x0000000069f99d90 JavaThread "Unconstrained build operations Thread 31" [_thread_blocked, id=21768, stack(0x000000007d480000,0x000000007d580000)]
  0x0000000069f9cb20 JavaThread "Unconstrained build operations Thread 32" [_thread_blocked, id=22088, stack(0x000000007d580000,0x000000007d680000)]
  0x0000000069f9bbf0 JavaThread "Unconstrained build operations Thread 33" [_thread_blocked, id=24772, stack(0x000000007d680000,0x000000007d780000)]
  0x0000000069f9acc0 JavaThread "Unconstrained build operations Thread 34" [_thread_blocked, id=27328, stack(0x000000007d780000,0x000000007d880000)]
  0x0000000072e339c0 JavaThread "Unconstrained build operations Thread 35" [_thread_blocked, id=27692, stack(0x000000007d880000,0x000000007d980000)]
  0x0000000072e343e0 JavaThread "Unconstrained build operations Thread 36" [_thread_blocked, id=8916, stack(0x000000007d980000,0x000000007da80000)]
  0x0000000072e348f0 JavaThread "Unconstrained build operations Thread 37" [_thread_blocked, id=7872, stack(0x000000007da80000,0x000000007db80000)]
  0x0000000072e33ed0 JavaThread "Unconstrained build operations Thread 38" [_thread_blocked, id=23100, stack(0x000000007db80000,0x000000007dc80000)]
  0x0000000072e34e00 JavaThread "Unconstrained build operations Thread 39" [_thread_blocked, id=13052, stack(0x000000007dc80000,0x000000007dd80000)]
  0x0000000072e35310 JavaThread "Unconstrained build operations Thread 40" [_thread_blocked, id=9880, stack(0x000000007dd80000,0x000000007de80000)]
  0x000000007bdace60 JavaThread "Unconstrained build operations Thread 41" [_thread_blocked, id=25028, stack(0x000000007de80000,0x000000007df80000)]
  0x000000007bdad370 JavaThread "Unconstrained build operations Thread 42" [_thread_blocked, id=21944, stack(0x000000007df80000,0x000000007e080000)]
  0x000000007bdab510 JavaThread "Unconstrained build operations Thread 43" [_thread_blocked, id=19808, stack(0x000000007e080000,0x000000007e180000)]
  0x000000007bdadd90 JavaThread "Unconstrained build operations Thread 44" [_thread_blocked, id=28292, stack(0x000000007e180000,0x000000007e280000)]
  0x000000007bdad880 JavaThread "Unconstrained build operations Thread 45" [_thread_blocked, id=27016, stack(0x000000007e280000,0x000000007e380000)]
  0x000000007bdac950 JavaThread "Unconstrained build operations Thread 46" [_thread_blocked, id=21380, stack(0x000000007e380000,0x000000007e480000)]
  0x000000007bdae2a0 JavaThread "Unconstrained build operations Thread 47" [_thread_blocked, id=26492, stack(0x000000007e480000,0x000000007e580000)]
  0x000000007bdae7b0 JavaThread "Unconstrained build operations Thread 48" [_thread_blocked, id=9244, stack(0x000000007e580000,0x000000007e680000)]
  0x000000007bdac440 JavaThread "Unconstrained build operations Thread 49" [_thread_blocked, id=12328, stack(0x000000007e680000,0x000000007e780000)]
  0x000000007bdab000 JavaThread "Unconstrained build operations Thread 50" [_thread_blocked, id=22500, stack(0x000000007e780000,0x000000007e880000)]
  0x000000007bdaba20 JavaThread "Unconstrained build operations Thread 51" [_thread_blocked, id=22596, stack(0x000000007e880000,0x000000007e980000)]
  0x000000007bdabf30 JavaThread "Unconstrained build operations Thread 52" [_thread_blocked, id=14436, stack(0x000000007e980000,0x000000007ea80000)]
  0x000000007b55a940 JavaThread "Unconstrained build operations Thread 53" [_thread_blocked, id=9972, stack(0x000000007ea80000,0x000000007eb80000)]
  0x000000007b55bd80 JavaThread "Unconstrained build operations Thread 54" [_thread_blocked, id=28812, stack(0x000000007eb80000,0x000000007ec80000)]
  0x000000007b55b360 JavaThread "Unconstrained build operations Thread 55" [_thread_blocked, id=6752, stack(0x000000007ec80000,0x000000007ed80000)]
  0x000000007b55b870 JavaThread "Unconstrained build operations Thread 56" [_thread_blocked, id=27660, stack(0x000000007ed80000,0x000000007ee80000)]
  0x000000007b558ff0 JavaThread "Unconstrained build operations Thread 57" [_thread_blocked, id=18904, stack(0x000000007ee80000,0x000000007ef80000)]
  0x000000007b55ae50 JavaThread "Unconstrained build operations Thread 58" [_thread_blocked, id=12332, stack(0x000000007ef80000,0x000000007f080000)]
  0x000000007b55a430 JavaThread "Unconstrained build operations Thread 59" [_thread_blocked, id=17944, stack(0x000000007f080000,0x000000007f180000)]
  0x000000007b55c290 JavaThread "Unconstrained build operations Thread 60" [_thread_blocked, id=18336, stack(0x000000007f180000,0x000000007f280000)]
  0x000000007b55c7a0 JavaThread "Unconstrained build operations Thread 61" [_thread_blocked, id=17016, stack(0x000000007f280000,0x000000007f380000)]
  0x000000007b559500 JavaThread "Unconstrained build operations Thread 62" [_thread_blocked, id=17716, stack(0x000000007f380000,0x000000007f480000)]
  0x000000007b559a10 JavaThread "Unconstrained build operations Thread 63" [_thread_blocked, id=26640, stack(0x000000007f480000,0x000000007f580000)]
  0x000000007b559f20 JavaThread "Unconstrained build operations Thread 64" [_thread_blocked, id=29420, stack(0x000000007f580000,0x000000007f680000)]
  0x000000006f018030 JavaThread "Unconstrained build operations Thread 65" [_thread_blocked, id=27136, stack(0x000000007f680000,0x000000007f780000)]
  0x000000006f016bf0 JavaThread "Unconstrained build operations Thread 66" [_thread_blocked, id=16444, stack(0x000000007f780000,0x000000007f880000)]
  0x000000006f017100 JavaThread "Unconstrained build operations Thread 67" [_thread_blocked, id=19044, stack(0x000000007f880000,0x000000007f980000)]
  0x000000006f018540 JavaThread "Unconstrained build operations Thread 68" [_thread_blocked, id=9260, stack(0x000000007f980000,0x000000007fa80000)]
  0x000000006f017610 JavaThread "Unconstrained build operations Thread 69" [_thread_blocked, id=13404, stack(0x000000007fa80000,0x000000007fb80000)]
  0x000000006f017b20 JavaThread "Unconstrained build operations Thread 70" [_thread_blocked, id=26712, stack(0x000000007fcd0000,0x000000007fdd0000)]
  0x000000006f018a50 JavaThread "Unconstrained build operations Thread 71" [_thread_blocked, id=21832, stack(0x000000007fdd0000,0x000000007fed0000)]
  0x000000006f018f60 JavaThread "Unconstrained build operations Thread 72" [_thread_blocked, id=4864, stack(0x000000007fed0000,0x000000007ffd0000)]
  0x000000006f019470 JavaThread "Unconstrained build operations Thread 73" [_thread_blocked, id=4200, stack(0x0000000100000000,0x0000000100100000)]
  0x000000006f019e90 JavaThread "Unconstrained build operations Thread 74" [_thread_blocked, id=25640, stack(0x0000000100100000,0x0000000100200000)]
  0x000000006f01a3a0 JavaThread "Unconstrained build operations Thread 75" [_thread_blocked, id=15844, stack(0x0000000100200000,0x0000000100300000)]
  0x000000006f019980 JavaThread "Unconstrained build operations Thread 76" [_thread_blocked, id=8280, stack(0x0000000100300000,0x0000000100400000)]
  0x000000006fd3d6e0 JavaThread "Unconstrained build operations Thread 77" [_thread_blocked, id=20388, stack(0x0000000100500000,0x0000000100600000)]
  0x000000006fd3eb20 JavaThread "Unconstrained build operations Thread 78" [_thread_blocked, id=25604, stack(0x000000007fb80000,0x000000007fc80000)]
  0x00000000733d1b70 JavaThread "Unconstrained build operations Thread 79" [_thread_blocked, id=16360, stack(0x0000000100600000,0x0000000100700000)]
  0x00000000733d0220 JavaThread "Unconstrained build operations Thread 80" [_thread_blocked, id=27468, stack(0x0000000100700000,0x0000000100800000)]
  0x00000000733d0730 JavaThread "Unconstrained build operations Thread 81" [_thread_blocked, id=21932, stack(0x0000000100800000,0x0000000100900000)]
  0x00000000795f3450 JavaThread "Unconstrained build operations Thread 82" [_thread_blocked, id=1736, stack(0x0000000100900000,0x0000000100a00000)]
  0x00000000795f15f0 JavaThread "Unconstrained build operations Thread 83" [_thread_blocked, id=4936, stack(0x0000000100a00000,0x0000000100b00000)]
  0x00000000795f1b00 JavaThread "Unconstrained build operations Thread 84" [_thread_blocked, id=6852, stack(0x0000000100ca0000,0x0000000100da0000)]
  0x00000000795f4380 JavaThread "Unconstrained build operations Thread 85" [_thread_blocked, id=13416, stack(0x0000000100da0000,0x0000000100ea0000)]
  0x00000000795f4890 JavaThread "Unconstrained build operations Thread 86" [_thread_blocked, id=5296, stack(0x0000000100ea0000,0x0000000100fa0000)]
  0x00000000795f4da0 JavaThread "Unconstrained build operations Thread 87" [_thread_blocked, id=6432, stack(0x0000000100fa0000,0x00000001010a0000)]
  0x00000000795f3960 JavaThread "Unconstrained build operations Thread 88" [_thread_blocked, id=27064, stack(0x00000001010a0000,0x00000001011a0000)]
  0x00000000795f2010 JavaThread "Unconstrained build operations Thread 89" [_thread_blocked, id=26732, stack(0x00000001012f0000,0x00000001013f0000)]
  0x00000000795f2520 JavaThread "Unconstrained build operations Thread 90" [_thread_blocked, id=27520, stack(0x00000001013f0000,0x00000001014f0000)]
  0x00000000795f2f40 JavaThread "Unconstrained build operations Thread 91" [_thread_blocked, id=8924, stack(0x00000001014f0000,0x00000001015f0000)]
  0x0000000069f9d540 JavaThread "Unconstrained build operations Thread 92" [_thread_blocked, id=3148, stack(0x00000001015f0000,0x00000001016f0000)]
  0x0000000069f9b1d0 JavaThread "Unconstrained build operations Thread 93" [_thread_blocked, id=21140, stack(0x00000001016f0000,0x00000001017f0000)]
  0x0000000069f9c100 JavaThread "Unconstrained build operations Thread 94" [_thread_blocked, id=27028, stack(0x00000001017f0000,0x00000001018f0000)]
  0x00000000795f2a30 JavaThread "Unconstrained build operations Thread 95" [_thread_blocked, id=16788, stack(0x00000001018f0000,0x00000001019f0000)]
  0x00000000698cdfc0 JavaThread "Unconstrained build operations Thread 96" [_thread_blocked, id=25552, stack(0x00000001019f0000,0x0000000101af0000)]
  0x00000000698cd5a0 JavaThread "Unconstrained build operations Thread 97" [_thread_blocked, id=3108, stack(0x0000000102b80000,0x0000000102c80000)]
  0x000000006fb25c30 JavaThread "Unconstrained build operations Thread 98" [_thread_blocked, id=19472, stack(0x0000000102c80000,0x0000000102d80000)]
  0x000000006fb27a90 JavaThread "Unconstrained build operations Thread 99" [_thread_blocked, id=26532, stack(0x0000000102d80000,0x0000000102e80000)]
  0x000000006fb28ed0 JavaThread "Unconstrained build operations Thread 100" [_thread_blocked, id=29072, stack(0x0000000102e80000,0x0000000102f80000)]
  0x0000000079775b60 JavaThread "Unconstrained build operations Thread 101" [_thread_blocked, id=3620, stack(0x0000000107000000,0x0000000107100000)]
  0x000000006fd3b370 JavaThread "Unconstrained build operations Thread 102" [_thread_blocked, id=23520, stack(0x0000000107100000,0x0000000107200000)]
  0x000000006fd3e610 JavaThread "Unconstrained build operations Thread 103" [_thread_blocked, id=29220, stack(0x0000000107200000,0x0000000107300000)]
  0x000000007299f4b0 JavaThread "Unconstrained build operations Thread 104" [_thread_blocked, id=29380, stack(0x0000000107300000,0x0000000107400000)]
  0x000000007299ea90 JavaThread "Unconstrained build operations Thread 105" [_thread_blocked, id=28768, stack(0x0000000107400000,0x0000000107500000)]
  0x000000007299efa0 JavaThread "Unconstrained build operations Thread 106" [_thread_blocked, id=29276, stack(0x0000000107500000,0x0000000107600000)]
  0x000000006c3edb40 JavaThread "Unconstrained build operations Thread 107" [_thread_blocked, id=22884, stack(0x0000000107600000,0x0000000107700000)]
  0x000000006c3eef80 JavaThread "Unconstrained build operations Thread 108" [_thread_blocked, id=29692, stack(0x0000000107700000,0x0000000107800000)]
  0x000000006c3ed630 JavaThread "Unconstrained build operations Thread 109" [_thread_blocked, id=28012, stack(0x0000000107800000,0x0000000107900000)]
  0x000000006c3ee560 JavaThread "Unconstrained build operations Thread 110" [_thread_blocked, id=22468, stack(0x0000000107900000,0x0000000107a00000)]
  0x00000000799dc840 JavaThread "Unconstrained build operations Thread 111" [_thread_blocked, id=9264, stack(0x0000000107a00000,0x0000000107b00000)]
  0x000000006c3ebce0 JavaThread "Unconstrained build operations Thread 112" [_thread_blocked, id=27264, stack(0x0000000107b00000,0x0000000107c00000)]
  0x000000006c3eea70 JavaThread "Unconstrained build operations Thread 113" [_thread_blocked, id=17148, stack(0x0000000107c00000,0x0000000107d00000)]
  0x000000006c3eb7d0 JavaThread "Unconstrained build operations Thread 114" [_thread_blocked, id=15500, stack(0x0000000107d00000,0x0000000107e00000)]
  0x000000006c3ed120 JavaThread "Unconstrained build operations Thread 115" [_thread_blocked, id=22840, stack(0x0000000107e00000,0x0000000107f00000)]
  0x000000006fb27580 JavaThread "Unconstrained build operations Thread 116" [_thread_blocked, id=13128, stack(0x0000000107f00000,0x0000000108000000)]
  0x00000000698cdab0 JavaThread "Unconstrained build operations Thread 117" [_thread_blocked, id=9220, stack(0x0000000108000000,0x0000000108100000)]
  0x00000000698cc160 JavaThread "Unconstrained build operations Thread 118" [_thread_blocked, id=17856, stack(0x0000000108100000,0x0000000108200000)]
  0x00000000698ccb80 JavaThread "Unconstrained build operations Thread 119" [_thread_blocked, id=4952, stack(0x0000000108200000,0x0000000108300000)]
  0x00000000698ce4d0 JavaThread "Unconstrained build operations Thread 120" [_thread_blocked, id=18708, stack(0x0000000108450000,0x0000000108550000)]
  0x00000000698cf400 JavaThread "Unconstrained build operations Thread 121" [_thread_blocked, id=12108, stack(0x0000000108550000,0x0000000108650000)]
  0x00000000698ce9e0 JavaThread "Unconstrained build operations Thread 122" [_thread_blocked, id=13764, stack(0x0000000108650000,0x0000000108750000)]
  0x00000000698ceef0 JavaThread "Unconstrained build operations Thread 123" [_thread_blocked, id=24700, stack(0x0000000108750000,0x0000000108850000)]
  0x000000006fd3b880 JavaThread "build event listener" [_thread_blocked, id=23812, stack(0x0000000108c80000,0x0000000108d80000)]
  0x000000006fd3d1d0 JavaThread "included builds" [_thread_blocked, id=7352, stack(0x0000000108d80000,0x0000000108e80000)]
  0x000000006c3ec1f0 JavaThread "Execution worker for ':'" [_thread_blocked, id=8932, stack(0x00000001090d0000,0x00000001091d0000)]
  0x000000006c3ec700 JavaThread "Execution worker for ':' Thread 2" [_thread_blocked, id=12076, stack(0x00000001091d0000,0x00000001092d0000)]
  0x000000006c3ecc10 JavaThread "Execution worker for ':' Thread 3" [_thread_blocked, id=24132, stack(0x00000001092d0000,0x00000001093d0000)]
  0x000000006c3ee050 JavaThread "Execution worker for ':' Thread 4" [_thread_blocked, id=28452, stack(0x00000001093d0000,0x00000001094d0000)]
  0x00000000792733d0 JavaThread "Execution worker for ':' Thread 5" [_thread_blocked, id=12312, stack(0x00000001094d0000,0x00000001095d0000)]
  0x0000000079274810 JavaThread "Execution worker for ':' Thread 6" [_thread_blocked, id=25776, stack(0x00000001095d0000,0x00000001096d0000)]
  0x00000000792738e0 JavaThread "Execution worker for ':' Thread 7" [_thread_blocked, id=13260, stack(0x00000001096d0000,0x00000001097d0000)]
  0x0000000077ed29a0 JavaThread "Execution worker for ':' Thread 8" [_thread_blocked, id=18776, stack(0x00000001097d0000,0x00000001098d0000)]
  0x0000000077ed2490 JavaThread "Execution worker for ':' Thread 9" [_thread_blocked, id=18700, stack(0x00000001098d0000,0x00000001099d0000)]
  0x0000000077ed1050 JavaThread "Execution worker for ':' Thread 10" [_thread_blocked, id=19692, stack(0x00000001099d0000,0x0000000109ad0000)]
  0x0000000077ed1a70 JavaThread "Execution worker for ':' Thread 11" [_thread_blocked, id=19508, stack(0x0000000109ad0000,0x0000000109bd0000)]
  0x0000000077ed1560 JavaThread "Execution worker for ':' Thread 12" [_thread_blocked, id=15972, stack(0x0000000109bd0000,0x0000000109cd0000)]
  0x0000000077ed1f80 JavaThread "Execution worker for ':' Thread 13" [_thread_blocked, id=28896, stack(0x0000000109cd0000,0x0000000109dd0000)]
  0x000000006f8c6980 JavaThread "Execution worker for ':' Thread 14" [_thread_blocked, id=14208, stack(0x0000000109dd0000,0x0000000109ed0000)]
  0x000000006f8c4610 JavaThread "Execution worker for ':' Thread 15" [_thread_blocked, id=21848, stack(0x0000000109ed0000,0x0000000109fd0000)]
  0x00000000799dcd50 JavaThread "Execution worker for ':' Thread 16" [_thread_blocked, id=13492, stack(0x0000000109fd0000,0x000000010a0d0000)]
  0x00000000799dc330 JavaThread "Execution worker for ':' Thread 17" [_thread_blocked, id=23564, stack(0x000000010a0d0000,0x000000010a1d0000)]
  0x00000000799db400 JavaThread "Execution worker for ':' Thread 18" [_thread_blocked, id=29324, stack(0x000000010a1d0000,0x000000010a2d0000)]
  0x00000000799db910 JavaThread "Execution worker for ':' Thread 19" [_thread_blocked, id=29360, stack(0x000000010a2d0000,0x000000010a3d0000)]
  0x0000000069f9d030 JavaThread "Cache worker for execution history cache (D:\Android\AndroidProjects\demo-test-android\DemoRxJava\.gradle\7.4\executionHistory)" [_thread_blocked, id=16136, stack(0x0000000108e80000,0x0000000108f80000)]
  0x00000000698cbc50 JavaThread "Unconstrained build operations Thread 124" [_thread_blocked, id=19964, stack(0x0000000108300000,0x0000000108400000)]
  0x000000007257f560 JavaThread "Unconstrained build operations Thread 125" [_thread_blocked, id=18940, stack(0x0000000108f80000,0x0000000109080000)]
  0x0000000075f993b0 JavaThread "Unconstrained build operations Thread 126" [_thread_blocked, id=29436, stack(0x000000010a3d0000,0x000000010a4d0000)]
  0x0000000075f98ea0 JavaThread "Unconstrained build operations Thread 127" [_thread_blocked, id=14660, stack(0x000000010a4d0000,0x000000010a5d0000)]
  0x0000000075f9a2e0 JavaThread "Unconstrained build operations Thread 128" [_thread_blocked, id=15980, stack(0x000000010a5d0000,0x000000010a6d0000)]
  0x0000000075f98990 JavaThread "Unconstrained build operations Thread 129" [_thread_blocked, id=2732, stack(0x000000010a6d0000,0x000000010a7d0000)]
  0x0000000075f97a60 JavaThread "Unconstrained build operations Thread 130" [_thread_blocked, id=29304, stack(0x000000010a7d0000,0x000000010a8d0000)]
  0x0000000075f998c0 JavaThread "Unconstrained build operations Thread 131" [_thread_blocked, id=21716, stack(0x000000010a8d0000,0x000000010a9d0000)]
  0x000000006fd3dbf0 JavaThread "Unconstrained build operations Thread 132" [_thread_blocked, id=10712, stack(0x000000010a9d0000,0x000000010aad0000)]
  0x0000000075f97040 JavaThread "Unconstrained build operations Thread 133" [_thread_blocked, id=23476, stack(0x000000010aad0000,0x000000010abd0000)]
  0x0000000075f99dd0 JavaThread "Unconstrained build operations Thread 134" [_thread_blocked, id=21748, stack(0x000000010abd0000,0x000000010acd0000)]
  0x0000000075f97550 JavaThread "Unconstrained build operations Thread 135" [_thread_blocked, id=25924, stack(0x000000010acd0000,0x000000010add0000)]
  0x0000000075f97f70 JavaThread "Unconstrained build operations Thread 136" [_thread_blocked, id=23624, stack(0x000000010add0000,0x000000010aed0000)]
  0x0000000075f9a7f0 JavaThread "Unconstrained build operations Thread 137" [_thread_blocked, id=21616, stack(0x000000010aed0000,0x000000010afd0000)]
  0x0000000075f98480 JavaThread "Unconstrained build operations Thread 138" [_thread_blocked, id=26964, stack(0x000000010afd0000,0x000000010b0d0000)]
  0x0000000075642820 JavaThread "Unconstrained build operations Thread 139" [_thread_blocked, id=19912, stack(0x000000010b0d0000,0x000000010b1d0000)]
  0x0000000079776580 JavaThread "Unconstrained build operations Thread 140" [_thread_blocked, id=28648, stack(0x000000010b1d0000,0x000000010b2d0000)]
  0x0000000079775140 JavaThread "Unconstrained build operations Thread 141" [_thread_blocked, id=18704, stack(0x000000010b2d0000,0x000000010b3d0000)]
  0x0000000077b92590 JavaThread "Unconstrained build operations Thread 142" [_thread_blocked, id=11236, stack(0x000000010b3d0000,0x000000010b4d0000)]
  0x0000000077b95320 JavaThread "Unconstrained build operations Thread 143" [_thread_blocked, id=21568, stack(0x000000010b4d0000,0x000000010b5d0000)]
  0x0000000070c3d2e0 JavaThread "Unconstrained build operations Thread 144" [_thread_blocked, id=12228, stack(0x000000010b800000,0x000000010b900000)]
  0x0000000070c3c8c0 JavaThread "Unconstrained build operations Thread 145" [_thread_blocked, id=28364, stack(0x000000010b900000,0x000000010ba00000)]
  0x0000000070c3cdd0 JavaThread "Unconstrained build operations Thread 146" [_thread_blocked, id=18896, stack(0x000000010ba00000,0x000000010bb00000)]
  0x0000000068a91f60 JavaThread "Unconstrained build operations Thread 147" [_thread_blocked, id=14296, stack(0x000000010bb00000,0x000000010bc00000)]
  0x0000000068a938b0 JavaThread "Unconstrained build operations Thread 148" [_thread_blocked, id=23752, stack(0x000000010bc00000,0x000000010bd00000)]
  0x0000000068a93dc0 JavaThread "Unconstrained build operations Thread 149" [_thread_blocked, id=28752, stack(0x0000000108850000,0x0000000108950000)]
  0x0000000068a942d0 JavaThread "Unconstrained build operations Thread 150" [_thread_blocked, id=17396, stack(0x0000000108950000,0x0000000108a50000)]
  0x0000000077b92fb0 JavaThread "Unconstrained build operations Thread 151" [_thread_blocked, id=12036, stack(0x0000000108a50000,0x0000000108b50000)]
  0x0000000077b934c0 JavaThread "Unconstrained build operations Thread 152" [_thread_blocked, id=4848, stack(0x0000000108b50000,0x0000000108c50000)]
  0x0000000077b939d0 JavaThread "Unconstrained build operations Thread 153" [_thread_blocked, id=22832, stack(0x000000010bd00000,0x000000010be00000)]
  0x0000000077b93ee0 JavaThread "Unconstrained build operations Thread 154" [_thread_blocked, id=18548, stack(0x000000010be00000,0x000000010bf00000)]
  0x0000000077b94900 JavaThread "Unconstrained build operations Thread 155" [_thread_blocked, id=24760, stack(0x000000010bf00000,0x000000010c000000)]
  0x0000000077b95830 JavaThread "Unconstrained build operations Thread 156" [_thread_blocked, id=29328, stack(0x000000010c000000,0x000000010c100000)]
  0x0000000077b92aa0 JavaThread "Unconstrained build operations Thread 157" [_thread_blocked, id=5364, stack(0x000000010c100000,0x000000010c200000)]
  0x000000007492eeb0 JavaThread "Unconstrained build operations Thread 158" [_thread_blocked, id=23872, stack(0x000000010c200000,0x000000010c300000)]
  0x000000007492e490 JavaThread "Unconstrained build operations Thread 159" [_thread_blocked, id=29628, stack(0x000000010c300000,0x000000010c400000)]
  0x000000007492f3c0 JavaThread "Unconstrained build operations Thread 160" [_thread_blocked, id=16836, stack(0x000000010c400000,0x000000010c500000)]
  0x000000007492da70 JavaThread "Unconstrained build operations Thread 161" [_thread_blocked, id=27820, stack(0x000000010c500000,0x000000010c600000)]
  0x000000007492e9a0 JavaThread "Unconstrained build operations Thread 162" [_thread_blocked, id=9312, stack(0x000000010c600000,0x000000010c700000)]
  0x00000000727c7690 JavaThread "Unconstrained build operations Thread 163" [_thread_blocked, id=10508, stack(0x000000010c700000,0x000000010c800000)]
  0x00000000727c7ba0 JavaThread "Unconstrained build operations Thread 164" [_thread_blocked, id=18064, stack(0x000000010c800000,0x000000010c900000)]
  0x00000000727c80b0 JavaThread "Unconstrained build operations Thread 165" [_thread_blocked, id=1836, stack(0x000000010c900000,0x000000010ca00000)]
  0x00000000727c6c70 JavaThread "Unconstrained build operations Thread 166" [_thread_blocked, id=8796, stack(0x000000010ca00000,0x000000010cb00000)]
  0x000000006c7e0440 JavaThread "Unconstrained build operations Thread 167" [_thread_blocked, id=2836, stack(0x000000010cb00000,0x000000010cc00000)]
  0x000000006c7e22a0 JavaThread "Unconstrained build operations Thread 168" [_thread_blocked, id=1436, stack(0x000000010cc00000,0x000000010cd00000)]
  0x000000006c7e27b0 JavaThread "Unconstrained build operations Thread 169" [_thread_blocked, id=28832, stack(0x000000010cd00000,0x000000010ce00000)]
  0x0000000079774c30 JavaThread "Unconstrained build operations Thread 170" [_thread_blocked, id=5804, stack(0x000000010ce00000,0x000000010cf00000)]
  0x0000000076868120 JavaThread "Unconstrained build operations Thread 171" [_thread_blocked, id=10664, stack(0x000000010cf00000,0x000000010d000000)]
  0x000000007686a490 JavaThread "Unconstrained build operations Thread 172" [_thread_blocked, id=28404, stack(0x000000010d000000,0x000000010d100000)]
  0x0000000076869560 JavaThread "Unconstrained build operations Thread 173" [_thread_blocked, id=14548, stack(0x000000010d100000,0x000000010d200000)]
  0x0000000076869a70 JavaThread "Unconstrained build operations Thread 174" [_thread_blocked, id=24768, stack(0x000000010d200000,0x000000010d300000)]
  0x000000006c7e1d90 JavaThread "Unconstrained build operations Thread 175" [_thread_blocked, id=23988, stack(0x000000010d300000,0x000000010d400000)]
  0x000000006c7e2cc0 JavaThread "Unconstrained build operations Thread 176" [_thread_blocked, id=22444, stack(0x000000010d400000,0x000000010d500000)]
  0x000000006c7e31d0 JavaThread "Unconstrained build operations Thread 177" [_thread_blocked, id=9964, stack(0x000000010d500000,0x000000010d600000)]
  0x0000000075bda470 JavaThread "Unconstrained build operations Thread 178" [_thread_blocked, id=17236, stack(0x000000010d600000,0x000000010d700000)]
  0x0000000075bda980 JavaThread "Unconstrained build operations Thread 179" [_thread_blocked, id=17988, stack(0x000000010d700000,0x000000010d800000)]
  0x0000000075bdb3a0 JavaThread "Unconstrained build operations Thread 180" [_thread_blocked, id=5860, stack(0x000000010d800000,0x000000010d900000)]
  0x0000000075bdae90 JavaThread "Unconstrained build operations Thread 181" [_thread_blocked, id=15012, stack(0x000000010d900000,0x000000010da00000)]
  0x0000000075bd9a50 JavaThread "Unconstrained build operations Thread 182" [_thread_blocked, id=13476, stack(0x000000010da00000,0x000000010db00000)]
  0x0000000075bd9f60 JavaThread "Unconstrained build operations Thread 183" [_thread_blocked, id=2664, stack(0x000000010db00000,0x000000010dc00000)]
  0x0000000069a77bc0 JavaThread "Unconstrained build operations Thread 184" [_thread_blocked, id=28208, stack(0x000000010dc00000,0x000000010dd00000)]
  0x0000000069a785e0 JavaThread "Unconstrained build operations Thread 185" [_thread_blocked, id=13300, stack(0x000000010dd00000,0x000000010de00000)]
  0x0000000069a78af0 JavaThread "Unconstrained build operations Thread 186" [_thread_blocked, id=24000, stack(0x000000010de00000,0x000000010df00000)]
  0x00000000689db9b0 JavaThread "Unconstrained build operations Thread 187" [_thread_blocked, id=24028, stack(0x000000010e140000,0x000000010e240000)]
  0x00000000689db4a0 JavaThread "Unconstrained build operations Thread 188" [_thread_blocked, id=1800, stack(0x000000010e240000,0x000000010e340000)]
  0x00000000689daf90 JavaThread "Unconstrained build operations Thread 189" [_thread_blocked, id=27368, stack(0x000000010e340000,0x000000010e440000)]
  0x000000007279b8c0 JavaThread "WorkerExecutor Queue" [_thread_blocked, id=7620, stack(0x000000010e440000,0x000000010e540000)]
  0x00000000727c8fe0 JavaThread "Unconstrained build operations Thread 190" [_thread_blocked, id=2828, stack(0x000000010e6a0000,0x000000010e7a0000)]
  0x00000000727c9f10 JavaThread "Unconstrained build operations Thread 191" [_thread_blocked, id=2404, stack(0x000000010e7a0000,0x000000010e8a0000)]
  0x00000000727c7180 JavaThread "Unconstrained build operations Thread 192" [_thread_blocked, id=12020, stack(0x000000010e8a0000,0x000000010e9a0000)]
  0x00000000727c85c0 JavaThread "Unconstrained build operations Thread 193" [_thread_blocked, id=25944, stack(0x000000010e9a0000,0x000000010eaa0000)]
  0x00000000727c8ad0 JavaThread "Unconstrained build operations Thread 194" [_thread_blocked, id=29240, stack(0x000000010eaa0000,0x000000010eba0000)]
  0x00000000727c94f0 JavaThread "Unconstrained build operations Thread 195" [_thread_blocked, id=13504, stack(0x000000010ecc0000,0x000000010edc0000)]
  0x00000000727c9a00 JavaThread "Unconstrained build operations Thread 196" [_thread_blocked, id=26288, stack(0x000000010edc0000,0x000000010eec0000)]
  0x00000000727ca420 JavaThread "Unconstrained build operations Thread 197" [_thread_blocked, id=17376, stack(0x000000010eec0000,0x000000010efc0000)]
  0x0000000077e378b0 JavaThread "Unconstrained build operations Thread 198" [_thread_blocked, id=23416, stack(0x000000010efc0000,0x000000010f0c0000)]
  0x0000000077e387e0 JavaThread "Unconstrained build operations Thread 199" [_thread_blocked, id=24852, stack(0x000000010f0c0000,0x000000010f1c0000)]
  0x0000000076868630 JavaThread "Unconstrained build operations Thread 200" [_thread_blocked, id=12360, stack(0x000000010f1c0000,0x000000010f2c0000)]
  0x000000007279c7f0 JavaThread "WorkerExecutor Queue Thread 2" [_thread_blocked, id=8872, stack(0x000000010f830000,0x000000010f930000)]
  0x0000000069f9a2a0 JavaThread "WorkerExecutor Queue Thread 3" [_thread_blocked, id=19412, stack(0x000000010f930000,0x000000010fa30000)]
  0x0000000069fa1200 JavaThread "WorkerExecutor Queue Thread 4" [_thread_blocked, id=5412, stack(0x000000010fa30000,0x000000010fb30000)]
  0x000000006f8c6e90 JavaThread "WorkerExecutor Queue Thread 7" [_thread_blocked, id=27200, stack(0x000000010fff0000,0x00000001100f0000)]
  0x0000000077301750 JavaThread "WorkerExecutor Queue Thread 8" [_thread_blocked, id=480, stack(0x00000001100f0000,0x00000001101f0000)]
  0x0000000077300d30 JavaThread "WorkerExecutor Queue Thread 9" [_thread_blocked, id=5460, stack(0x00000001101f0000,0x00000001102f0000)]
  0x0000000077300310 JavaThread "WorkerExecutor Queue Thread 10" [_thread_blocked, id=29112, stack(0x0000000110410000,0x0000000110510000)]
  0x0000000077300820 JavaThread "WorkerExecutor Queue Thread 11" [_thread_blocked, id=7816, stack(0x00000001102f0000,0x00000001103f0000)]
  0x000000006fd3bd90 JavaThread "WorkerExecutor Queue Thread 12" [_thread_blocked, id=14164, stack(0x000000010fb30000,0x000000010fc30000)]
  0x000000006fd3c2a0 JavaThread "WorkerExecutor Queue Thread 13" [_thread_blocked, id=18168, stack(0x000000010fc30000,0x000000010fd30000)]
  0x000000006fd3ccc0 JavaThread "WorkerExecutor Queue Thread 14" [_thread_blocked, id=10344, stack(0x0000000110510000,0x0000000110610000)]
  0x000000006fd3e100 JavaThread "WorkerExecutor Queue Thread 15" [_thread_in_vm, id=27048, stack(0x0000000110730000,0x0000000110830000)]
  0x00000000772ffe00 JavaThread "WorkerExecutor Queue Thread 16" [_thread_blocked, id=9520, stack(0x0000000110610000,0x0000000110710000)]
  0x0000000074f43b60 JavaThread "WorkerExecutor Queue Thread 17" [_thread_blocked, id=21144, stack(0x0000000110c40000,0x0000000110d40000)]
  0x0000000074f44580 JavaThread "WorkerExecutor Queue Thread 18" [_thread_blocked, id=21116, stack(0x0000000110d40000,0x0000000110e40000)]
  0x0000000074f44070 JavaThread "WorkerExecutor Queue Thread 19" [_thread_blocked, id=19296, stack(0x0000000110e40000,0x0000000110f40000)]
  0x0000000079275230 JavaThread "WorkerExecutor Queue Thread 21" [_thread_in_vm, id=30256, stack(0x000000011a2b0000,0x000000011a3b0000)]
  0x000000006f8c4b20 JavaThread "pool-5-thread-1" [_thread_blocked, id=30716, stack(0x0000000120020000,0x0000000120120000)]
  0x000000006f8c5030 JavaThread "stderr" [_thread_in_native, id=4680, stack(0x00000001204f0000,0x00000001205f0000)]
  0x000000006f8c5f60 JavaThread "stdout" [_thread_in_native, id=12420, stack(0x00000001205f0000,0x00000001206f0000)]
  0x0000000069a79000 JavaThread "stderr" [_thread_in_native, id=29956, stack(0x0000000120120000,0x0000000120220000)]
  0x0000000069a780d0 JavaThread "stdout" [_thread_in_native, id=25284, stack(0x0000000120220000,0x0000000120320000)]
  0x000000007279bdd0 JavaThread "Cache worker for Java compile cache (C:\Users\Administrator\.gradle\caches\7.4\javaCompile)" [_thread_blocked, id=30076, stack(0x000000010fef0000,0x000000010fff0000)]
  0x0000000069f9e470 JavaThread "Build operations" [_thread_blocked, id=21852, stack(0x000000011a7e0000,0x000000011a8e0000)]
  0x0000000069f9da50 JavaThread "Build operations Thread 2" [_thread_blocked, id=14200, stack(0x000000011aa70000,0x000000011ab70000)]
  0x0000000069fa1710 JavaThread "Build operations Thread 3" [_thread_blocked, id=9116, stack(0x000000011ab70000,0x000000011ac70000)]
  0x0000000069f9f3a0 JavaThread "Build operations Thread 4" [_thread_blocked, id=13464, stack(0x000000011ac70000,0x000000011ad70000)]
  0x0000000069f9df60 JavaThread "Build operations Thread 5" [_thread_blocked, id=10924, stack(0x000000011f0e0000,0x000000011f1e0000)]
  0x0000000069f9ee90 JavaThread "Build operations Thread 6" [_thread_blocked, id=24160, stack(0x000000011f1e0000,0x000000011f2e0000)]
  0x0000000069f9f8b0 JavaThread "Build operations Thread 7" [_thread_blocked, id=29540, stack(0x000000011f2e0000,0x000000011f3e0000)]
  0x0000000079274300 JavaThread "Build operations Thread 8" [_thread_blocked, id=13700, stack(0x000000011f3e0000,0x000000011f4e0000)]
  0x0000000079273df0 JavaThread "Build operations Thread 9" [_thread_blocked, id=6924, stack(0x000000011f4e0000,0x000000011f5e0000)]
  0x0000000113156c70 JavaThread "Build operations Thread 10" [_thread_blocked, id=18800, stack(0x000000011f5e0000,0x000000011f6e0000)]
  0x0000000113157180 JavaThread "Build operations Thread 11" [_thread_blocked, id=27620, stack(0x000000011f6e0000,0x000000011f7e0000)]
  0x00000001131585c0 JavaThread "Build operations Thread 12" [_thread_blocked, id=1968, stack(0x000000011f7e0000,0x000000011f8e0000)]
  0x00000001131594f0 JavaThread "Build operations Thread 13" [_thread_blocked, id=19588, stack(0x000000011f8e0000,0x000000011f9e0000)]
  0x0000000113159a00 JavaThread "Build operations Thread 14" [_thread_blocked, id=21012, stack(0x000000011f9e0000,0x000000011fae0000)]
  0x0000000113159f10 JavaThread "Build operations Thread 15" [_thread_blocked, id=16324, stack(0x000000011fae0000,0x000000011fbe0000)]
  0x0000000113157ba0 JavaThread "Build operations Thread 16" [_thread_blocked, id=21148, stack(0x000000011fbe0000,0x000000011fce0000)]
  0x0000000113158ad0 JavaThread "Build operations Thread 17" [_thread_blocked, id=20128, stack(0x000000011fce0000,0x000000011fde0000)]
  0x0000000077284ca0 JavaThread "Build operations Thread 18" [_thread_blocked, id=11180, stack(0x000000011fde0000,0x000000011fee0000)]
  0x0000000077284790 JavaThread "Build operations Thread 19" [_thread_blocked, id=10548, stack(0x000000011fee0000,0x000000011ffe0000)]
  0x0000000077286b00 JavaThread "Build operations Thread 20" [_thread_blocked, id=14896, stack(0x0000000120320000,0x0000000120420000)]
  0x000000006f3315b0 JavaThread "WorkerExecutor Queue Thread 22" [_thread_blocked, id=27868, stack(0x00000001207f0000,0x00000001208f0000)]
  0x00000000779aad50 JavaThread "C2 CompilerThread1" daemon [_thread_in_native, id=18244, stack(0x000000006df50000,0x000000006e050000)]
  0x00000000779a92c0 JavaThread "C2 CompilerThread2" daemon [_thread_in_vm, id=22112, stack(0x000000006e050000,0x000000006e150000)]
  0x00000000779a9810 JavaThread "C2 CompilerThread3" daemon [_thread_in_native, id=30548, stack(0x0000000073640000,0x0000000073740000)]
  0x00000000779a9d60 JavaThread "C2 CompilerThread4" daemon [_thread_in_native, id=30552, stack(0x0000000073e40000,0x0000000073f40000)]
  0x000000010241d5b0 JavaThread "C1 CompilerThread1" daemon [_thread_blocked, id=30544, stack(0x0000000073f40000,0x0000000074040000)]
  0x000000010241db00 JavaThread "C2 CompilerThread5" daemon [_thread_in_native, id=23148, stack(0x0000000074340000,0x0000000074440000)]
  0x0000000111935830 JavaThread "C2 CompilerThread6" daemon [_thread_in_native, id=30580, stack(0x0000000075810000,0x0000000075910000)]
  0x0000000111935d80 JavaThread "C2 CompilerThread7" daemon [_thread_in_native, id=30576, stack(0x000000010f2c0000,0x000000010f3c0000)]
  0x0000000079afdfc0 JavaThread "WorkerExecutor Queue Thread 23" [_thread_blocked, id=30572, stack(0x000000010f730000,0x000000010f830000)]
  0x000000006fb27070 JavaThread "ForkJoinPool.commonPool-worker-1" daemon [_thread_blocked, id=30584, stack(0x00000001206f0000,0x00000001207f0000)]
  0x000000007563ffa0 JavaThread "ForkJoinPool.commonPool-worker-2" daemon [_thread_blocked, id=30588, stack(0x00000001208f0000,0x00000001209f0000)]
  0x000000007142cec0 JavaThread "ForkJoinPool.commonPool-worker-3" daemon [_thread_blocked, id=30536, stack(0x0000000124c70000,0x0000000124d70000)]
  0x0000000068a92470 JavaThread "ForkJoinPool.commonPool-worker-4" daemon [_thread_blocked, id=30564, stack(0x0000000124d70000,0x0000000124e70000)]
  0x000000006f334340 JavaThread "ForkJoinPool.commonPool-worker-5" daemon [_thread_blocked, id=30560, stack(0x000000010fd30000,0x000000010fe30000)]
  0x000000006f8c4100 JavaThread "ForkJoinPool.commonPool-worker-6" daemon [_thread_blocked, id=30556, stack(0x0000000123a00000,0x0000000123b00000)]
  0x000000007738a410 JavaThread "ForkJoinPool.commonPool-worker-7" daemon [_thread_blocked, id=30520, stack(0x0000000123b00000,0x0000000123c00000)]
  0x0000000079afd090 JavaThread "ForkJoinPool.commonPool-worker-8" daemon [_thread_blocked, id=15000, stack(0x0000000124e70000,0x0000000124f70000)]
  0x0000000074cabe80 JavaThread "ForkJoinPool.commonPool-worker-9" daemon [_thread_blocked, id=14268, stack(0x0000000129e90000,0x0000000129f90000)]
  0x000000007279cd00 JavaThread "ForkJoinPool.commonPool-worker-10" daemon [_thread_blocked, id=29932, stack(0x0000000129f90000,0x000000012a090000)]
  0x0000000076867c10 JavaThread "Dispatch org.gradle.api.internal.tasks.testing.results.AttachParentTestResultProcessor@75bc5128" [_thread_blocked, id=30700, stack(0x000000012a7a0000,0x000000012a8a0000)]
  0x0000000076869f80 JavaThread "Dispatch org.gradle.api.internal.tasks.testing.processors.RestartEveryNTestClassProcessor@46496f75" [_thread_blocked, id=30680, stack(0x000000012af10000,0x000000012b010000)]
  0x00000000772865f0 JavaThread "Incoming local TCP Connector on port 64443" [_thread_blocked, id=30692, stack(0x000000012b010000,0x000000012b110000)]
  0x0000000077287010 JavaThread "Exec process" [_thread_in_native, id=30636, stack(0x000000012bfb0000,0x000000012c0b0000)]
  0x0000000069a7a950 JavaThread "Exec process Thread 2" [_thread_blocked, id=30644, stack(0x000000012c0b0000,0x000000012c1b0000)]
  0x000000011608a4b0 JavaThread "Exec process Thread 3" [_thread_blocked, id=30632, stack(0x000000012c300000,0x000000012c400000)]
  0x0000000116088b60 JavaThread "Exec process Thread 4" [_thread_blocked, id=30660, stack(0x000000012c400000,0x000000012c500000)]
  0x00000000732c29d0 JavaThread "/127.0.0.1:64443 to /127.0.0.1:64444 workers" [_thread_blocked, id=26144, stack(0x0000000129d90000,0x0000000129e90000)]
  0x00000000772856c0 JavaThread "/127.0.0.1:64443 to /127.0.0.1:64444 workers Thread 2" [_thread_blocked, id=29968, stack(0x000000012a430000,0x000000012a530000)]
  0x0000000077285bd0 JavaThread "/127.0.0.1:64443 to /127.0.0.1:64444 workers Thread 3" [_thread_blocked, id=29976, stack(0x000000012a2b0000,0x000000012a3b0000)]
  0x0000000077287520 JavaThread "/127.0.0.1:64443 to /127.0.0.1:64444 workers Thread 4" [_thread_blocked, id=30080, stack(0x000000012a530000,0x000000012a630000)]

Other Threads:
  0x0000000021908f60 VMThread "VM Thread" [stack: 0x0000000022ad0000,0x0000000022bd0000] [id=5424]
  0x00000000229ceef0 WatcherThread [stack: 0x0000000068810000,0x0000000068910000] [id=9020]
  0x0000000002d4fdb0 GCTaskThread "GC Thread#0" [stack: 0x000000001efd0000,0x000000001f0d0000] [id=9016]
  0x00000000690b7200 GCTaskThread "GC Thread#1" [stack: 0x000000006b7b0000,0x000000006b8b0000] [id=11280]
  0x00000000690b5680 GCTaskThread "GC Thread#2" [stack: 0x000000006b8b0000,0x000000006b9b0000] [id=11480]
  0x00000000690b5940 GCTaskThread "GC Thread#3" [stack: 0x000000006b9b0000,0x000000006bab0000] [id=10928]
  0x00000000690b5ec0 GCTaskThread "GC Thread#4" [stack: 0x000000006bab0000,0x000000006bbb0000] [id=29572]
  0x00000000690b6c80 GCTaskThread "GC Thread#5" [stack: 0x000000006bbb0000,0x000000006bcb0000] [id=16020]
  0x00000000690b5c00 GCTaskThread "GC Thread#6" [stack: 0x000000006bcb0000,0x000000006bdb0000] [id=25904]
  0x00000000690b6180 GCTaskThread "GC Thread#7" [stack: 0x000000006bdb0000,0x000000006beb0000] [id=23716]
  0x00000000690b6440 GCTaskThread "GC Thread#8" [stack: 0x000000006beb0000,0x000000006bfb0000] [id=24664]
  0x00000000690b6700 GCTaskThread "GC Thread#9" [stack: 0x000000006bfb0000,0x000000006c0b0000] [id=3180]
  0x00000000690b69c0 GCTaskThread "GC Thread#10" [stack: 0x000000006c0b0000,0x000000006c1b0000] [id=29088]
  0x000000006a7abce0 GCTaskThread "GC Thread#11" [stack: 0x000000006c1b0000,0x000000006c2b0000] [id=11612]
  0x000000006a7ad020 GCTaskThread "GC Thread#12" [stack: 0x0000000073840000,0x0000000073940000] [id=15452]
  0x000000006a7ab1e0 GCTaskThread "GC Thread#13" [stack: 0x0000000073940000,0x0000000073a40000] [id=1428]
  0x000000006a7ac520 GCTaskThread "GC Thread#14" [stack: 0x0000000073a40000,0x0000000073b40000] [id=15296]
  0x0000000002d60c10 ConcurrentGCThread "G1 Main Marker" [stack: 0x000000001f0d0000,0x000000001f1d0000] [id=8040]
  0x0000000002d630c0 ConcurrentGCThread "G1 Conc#0" [stack: 0x000000001f1d0000,0x000000001f2d0000] [id=16520]
  0x000000006a7ac7e0 ConcurrentGCThread "G1 Conc#1" [stack: 0x0000000073b40000,0x0000000073c40000] [id=13736]
  0x000000006a7ae0a0 ConcurrentGCThread "G1 Conc#2" [stack: 0x0000000073c40000,0x0000000073d40000] [id=25100]
  0x000000006a7ab760 ConcurrentGCThread "G1 Conc#3" [stack: 0x0000000073d40000,0x0000000073e40000] [id=16228]
  0x00000000218e5770 ConcurrentGCThread "G1 Refine#0" [stack: 0x00000000224d0000,0x00000000225d0000] [id=5844]
  0x0000000071286620 ConcurrentGCThread "G1 Refine#1" [stack: 0x0000000100ba0000,0x0000000100ca0000] [id=6620]
  0x00000000712871e0 ConcurrentGCThread "G1 Refine#2" [stack: 0x00000001011f0000,0x00000001012f0000] [id=9672]
  0x00000000735343c0 ConcurrentGCThread "G1 Refine#3" [stack: 0x000000010e540000,0x000000010e640000] [id=23132]
  0x00000000735349a0 ConcurrentGCThread "G1 Refine#4" [stack: 0x000000010eba0000,0x000000010eca0000] [id=17044]
  0x0000000073535270 ConcurrentGCThread "G1 Refine#5" [stack: 0x000000010f430000,0x000000010f530000] [id=24056]
  0x0000000073533800 ConcurrentGCThread "G1 Refine#6" [stack: 0x000000010f530000,0x000000010f630000] [id=29536]
  0x0000000073532f30 ConcurrentGCThread "G1 Refine#7" [stack: 0x000000010f630000,0x000000010f730000] [id=17184]
  0x0000000070127690 ConcurrentGCThread "G1 Refine#8" [stack: 0x0000000110830000,0x0000000110930000] [id=30032]
  0x00000000218e5a60 ConcurrentGCThread "G1 Service" [stack: 0x00000000225d0000,0x00000000226d0000] [id=5112]

Threads with active compile tasks:
C2 CompilerThread0   293838 45147       4       java.net.URI$Parser::parse (243 bytes)
C2 CompilerThread1   293838 45296 %     4       com.android.tools.lint.checks.Api$MyHashMap$1::computeHashCode @ 4 (42 bytes)
C2 CompilerThread2   293838 45279       4       com.android.tools.lint.checks.ApiClass::addMethod (53 bytes)
C2 CompilerThread3   293838 45042       4       com.intellij.openapi.vfs.impl.ArchiveHandler::directoryEntry (144 bytes)
C2 CompilerThread4   293838 45286       4       com.android.tools.lint.checks.ApiParser::addClass (206 bytes)
C2 CompilerThread5   293838 45264   !   4       com.android.tools.lint.checks.ApiParser::startElement (383 bytes)
C2 CompilerThread6   293839 45299       4       gnu.trove.TObjectHash::insertionIndex (273 bytes)
C2 CompilerThread7   293839 45285       4       com.android.tools.lint.checks.ApiClass::addToArray (73 bytes)

VM state: not at safepoint (normal execution)

VM Mutex/Monitor currently owned by a thread: None

Heap address: 0x0000000080000000, size: 2048 MB, Compressed Oops mode: 32-bit

CDS archive(s) mapped at: [0x0000000023000000-0x0000000023bb0000-0x0000000023bb0000), size 12255232, SharedBaseAddress: 0x0000000023000000, ArchiveRelocationMode: 1.
Compressed class space mapped at: 0x0000000024000000-0x0000000064000000, reserved size: 1073741824
Narrow klass base: 0x0000000023000000, Narrow klass shift: 0, Narrow klass range: 0x100000000

GC Precious Log:
 CPUs: 20 total, 20 available
 Memory: 32443M
 Large Page Support: Disabled
 NUMA Support: Disabled
 Compressed Oops: Enabled (32-bit)
 Heap Region Size: 1M
 Heap Min Capacity: 8M
 Heap Initial Capacity: 508M
 Heap Max Capacity: 2G
 Pre-touch: Disabled
 Parallel Workers: 15
 Concurrent Workers: 4
 Concurrent Refinement Workers: 15
 Periodic GC: Disabled

Heap:
 garbage-first heap   total 1540096K, used 1438794K [0x0000000080000000, 0x0000000100000000)
  region size 1024K, 931 young (953344K), 6 survivors (6144K)
 Metaspace       used 198711K, committed 200192K, reserved 1245184K
  class space    used 24976K, committed 25664K, reserved 1048576K

Heap Regions: E=young(eden), S=young(survivor), O=old, HS=humongous(starts), HC=humongous(continues), CS=collection set, F=free, OA=open archive, CA=closed archive, TAMS=top-at-mark-start (previous, next)
|   0|0x0000000080000000, 0x0000000080100000, 0x0000000080100000|100%|HS|  |TAMS 0x0000000080100000, 0x0000000080000000| Complete 
|   1|0x0000000080100000, 0x0000000080200000, 0x0000000080200000|100%| O|  |TAMS 0x0000000080200000, 0x0000000080100000| Untracked 
|   2|0x0000000080200000, 0x0000000080300000, 0x0000000080300000|100%| O|  |TAMS 0x0000000080300000, 0x0000000080200000| Untracked 
|   3|0x0000000080300000, 0x0000000080400000, 0x0000000080400000|100%|HS|  |TAMS 0x0000000080400000, 0x0000000080300000| Complete 
|   4|0x0000000080400000, 0x0000000080500000, 0x0000000080500000|100%|HC|  |TAMS 0x0000000080500000, 0x0000000080400000| Complete 
|   5|0x0000000080500000, 0x0000000080600000, 0x0000000080600000|100%|HC|  |TAMS 0x0000000080600000, 0x0000000080500000| Complete 
|   6|0x0000000080600000, 0x0000000080700000, 0x0000000080700000|100%| O|  |TAMS 0x0000000080700000, 0x0000000080600000| Untracked 
|   7|0x0000000080700000, 0x0000000080800000, 0x0000000080800000|100%| O|  |TAMS 0x0000000080800000, 0x0000000080700000| Untracked 
|   8|0x0000000080800000, 0x0000000080900000, 0x0000000080900000|100%| O|  |TAMS 0x0000000080900000, 0x0000000080800000| Untracked 
|   9|0x0000000080900000, 0x00000000809f8e00, 0x0000000080a00000| 97%| O|  |TAMS 0x00000000809f8e00, 0x0000000080900000| Untracked 
|  10|0x0000000080a00000, 0x0000000080b00000, 0x0000000080b00000|100%|HS|  |TAMS 0x0000000080b00000, 0x0000000080a00000| Complete 
|  11|0x0000000080b00000, 0x0000000080c00000, 0x0000000080c00000|100%|HC|  |TAMS 0x0000000080c00000, 0x0000000080b00000| Complete 
|  12|0x0000000080c00000, 0x0000000080d00000, 0x0000000080d00000|100%|HC|  |TAMS 0x0000000080d00000, 0x0000000080c00000| Complete 
|  13|0x0000000080d00000, 0x0000000080e00000, 0x0000000080e00000|100%|HC|  |TAMS 0x0000000080e00000, 0x0000000080d00000| Complete 
|  14|0x0000000080e00000, 0x0000000080f00000, 0x0000000080f00000|100%|HC|  |TAMS 0x0000000080f00000, 0x0000000080e00000| Complete 
|  15|0x0000000080f00000, 0x0000000081000000, 0x0000000081000000|100%|HC|  |TAMS 0x0000000081000000, 0x0000000080f00000| Complete 
|  16|0x0000000081000000, 0x0000000081100000, 0x0000000081100000|100%|HS|  |TAMS 0x0000000081100000, 0x0000000081000000| Complete 
|  17|0x0000000081100000, 0x0000000081200000, 0x0000000081200000|100%|HC|  |TAMS 0x0000000081200000, 0x0000000081100000| Complete 
|  18|0x0000000081200000, 0x0000000081300000, 0x0000000081300000|100%|HS|  |TAMS 0x0000000081300000, 0x0000000081200000| Complete 
|  19|0x0000000081300000, 0x0000000081400000, 0x0000000081400000|100%|HC|  |TAMS 0x0000000081400000, 0x0000000081300000| Complete 
|  20|0x0000000081400000, 0x0000000081500000, 0x0000000081500000|100%|HC|  |TAMS 0x0000000081500000, 0x0000000081400000| Complete 
|  21|0x0000000081500000, 0x0000000081600000, 0x0000000081600000|100%|HC|  |TAMS 0x0000000081600000, 0x0000000081500000| Complete 
|  22|0x0000000081600000, 0x0000000081700000, 0x0000000081700000|100%|HS|  |TAMS 0x0000000081700000, 0x0000000081600000| Complete 
|  23|0x0000000081700000, 0x0000000081800000, 0x0000000081800000|100%|HS|  |TAMS 0x0000000081800000, 0x0000000081700000| Complete 
|  24|0x0000000081800000, 0x0000000081900000, 0x0000000081900000|100%|HC|  |TAMS 0x0000000081900000, 0x0000000081800000| Complete 
|  25|0x0000000081900000, 0x0000000081a00000, 0x0000000081a00000|100%|HC|  |TAMS 0x0000000081a00000, 0x0000000081900000| Complete 
|  26|0x0000000081a00000, 0x0000000081b00000, 0x0000000081b00000|100%|HC|  |TAMS 0x0000000081b00000, 0x0000000081a00000| Complete 
|  27|0x0000000081b00000, 0x0000000081c00000, 0x0000000081c00000|100%|HC|  |TAMS 0x0000000081c00000, 0x0000000081b00000| Complete 
|  28|0x0000000081c00000, 0x0000000081d00000, 0x0000000081d00000|100%|HC|  |TAMS 0x0000000081d00000, 0x0000000081c00000| Complete 
|  29|0x0000000081d00000, 0x0000000081e00000, 0x0000000081e00000|100%|HS|  |TAMS 0x0000000081e00000, 0x0000000081d00000| Complete 
|  30|0x0000000081e00000, 0x0000000081f00000, 0x0000000081f00000|100%|HS|  |TAMS 0x0000000081f00000, 0x0000000081e00000| Complete 
|  31|0x0000000081f00000, 0x0000000082000000, 0x0000000082000000|100%|HC|  |TAMS 0x0000000082000000, 0x0000000081f00000| Complete 
|  32|0x0000000082000000, 0x0000000082100000, 0x0000000082100000|100%|HS|  |TAMS 0x0000000082100000, 0x0000000082000000| Complete 
|  33|0x0000000082100000, 0x0000000082200000, 0x0000000082200000|100%|HC|  |TAMS 0x0000000082200000, 0x0000000082100000| Complete 
|  34|0x0000000082200000, 0x0000000082300000, 0x0000000082300000|100%|HC|  |TAMS 0x0000000082300000, 0x0000000082200000| Complete 
|  35|0x0000000082300000, 0x0000000082400000, 0x0000000082400000|100%|HC|  |TAMS 0x0000000082400000, 0x0000000082300000| Complete 
|  36|0x0000000082400000, 0x0000000082500000, 0x0000000082500000|100%|HS|  |TAMS 0x0000000082500000, 0x0000000082400000| Complete 
|  37|0x0000000082500000, 0x0000000082600000, 0x0000000082600000|100%| O|  |TAMS 0x0000000082600000, 0x0000000082500000| Untracked 
|  38|0x0000000082600000, 0x0000000082700000, 0x0000000082700000|100%| O|  |TAMS 0x0000000082700000, 0x0000000082600000| Untracked 
|  39|0x0000000082700000, 0x0000000082800000, 0x0000000082800000|100%| O|  |TAMS 0x0000000082800000, 0x0000000082700000| Untracked 
|  40|0x0000000082800000, 0x0000000082900000, 0x0000000082900000|100%| O|  |TAMS 0x0000000082900000, 0x0000000082800000| Untracked 
|  41|0x0000000082900000, 0x0000000082a00000, 0x0000000082a00000|100%| O|  |TAMS 0x0000000082a00000, 0x0000000082900000| Untracked 
|  42|0x0000000082a00000, 0x0000000082b00000, 0x0000000082b00000|100%|HS|  |TAMS 0x0000000082b00000, 0x0000000082a00000| Complete 
|  43|0x0000000082b00000, 0x0000000082c00000, 0x0000000082c00000|100%|HC|  |TAMS 0x0000000082c00000, 0x0000000082b00000| Complete 
|  44|0x0000000082c00000, 0x0000000082d00000, 0x0000000082d00000|100%| O|  |TAMS 0x0000000082d00000, 0x0000000082c00000| Untracked 
|  45|0x0000000082d00000, 0x0000000082e00000, 0x0000000082e00000|100%| O|  |TAMS 0x0000000082e00000, 0x0000000082d00000| Untracked 
|  46|0x0000000082e00000, 0x0000000082f00000, 0x0000000082f00000|100%| O|  |TAMS 0x0000000082f00000, 0x0000000082e00000| Untracked 
|  47|0x0000000082f00000, 0x0000000083000000, 0x0000000083000000|100%| O|  |TAMS 0x0000000083000000, 0x0000000082f00000| Untracked 
|  48|0x0000000083000000, 0x0000000083100000, 0x0000000083100000|100%| O|  |TAMS 0x0000000083100000, 0x0000000083000000| Untracked 
|  49|0x0000000083100000, 0x0000000083200000, 0x0000000083200000|100%| O|  |TAMS 0x0000000083200000, 0x0000000083100000| Untracked 
|  50|0x0000000083200000, 0x0000000083300000, 0x0000000083300000|100%| O|  |TAMS 0x0000000083300000, 0x0000000083200000| Untracked 
|  51|0x0000000083300000, 0x0000000083400000, 0x0000000083400000|100%| O|  |TAMS 0x0000000083400000, 0x0000000083300000| Untracked 
|  52|0x0000000083400000, 0x0000000083500000, 0x0000000083500000|100%| O|  |TAMS 0x0000000083500000, 0x0000000083400000| Untracked 
|  53|0x0000000083500000, 0x0000000083600000, 0x0000000083600000|100%| O|  |TAMS 0x0000000083600000, 0x0000000083500000| Untracked 
|  54|0x0000000083600000, 0x0000000083700000, 0x0000000083700000|100%| O|  |TAMS 0x0000000083700000, 0x0000000083600000| Untracked 
|  55|0x0000000083700000, 0x0000000083800000, 0x0000000083800000|100%| O|  |TAMS 0x0000000083800000, 0x0000000083700000| Untracked 
|  56|0x0000000083800000, 0x0000000083900000, 0x0000000083900000|100%|HS|  |TAMS 0x0000000083900000, 0x0000000083800000| Complete 
|  57|0x0000000083900000, 0x0000000083a00000, 0x0000000083a00000|100%|HS|  |TAMS 0x0000000083a00000, 0x0000000083900000| Complete 
|  58|0x0000000083a00000, 0x0000000083b00000, 0x0000000083b00000|100%|HS|  |TAMS 0x0000000083b00000, 0x0000000083a00000| Complete 
|  59|0x0000000083b00000, 0x0000000083c00000, 0x0000000083c00000|100%| O|  |TAMS 0x0000000083c00000, 0x0000000083b00000| Untracked 
|  60|0x0000000083c00000, 0x0000000083d00000, 0x0000000083d00000|100%| O|  |TAMS 0x0000000083d00000, 0x0000000083c00000| Untracked 
|  61|0x0000000083d00000, 0x0000000083e00000, 0x0000000083e00000|100%| O|  |TAMS 0x0000000083e00000, 0x0000000083d00000| Untracked 
|  62|0x0000000083e00000, 0x0000000083f00000, 0x0000000083f00000|100%| O|  |TAMS 0x0000000083f00000, 0x0000000083e00000| Untracked 
|  63|0x0000000083f00000, 0x0000000084000000, 0x0000000084000000|100%| O|  |TAMS 0x0000000084000000, 0x0000000083f00000| Untracked 
|  64|0x0000000084000000, 0x0000000084100000, 0x0000000084100000|100%| O|  |TAMS 0x0000000084100000, 0x0000000084000000| Untracked 
|  65|0x0000000084100000, 0x0000000084200000, 0x0000000084200000|100%| O|  |TAMS 0x0000000084200000, 0x0000000084100000| Untracked 
|  66|0x0000000084200000, 0x0000000084300000, 0x0000000084300000|100%| O|  |TAMS 0x0000000084300000, 0x0000000084200000| Untracked 
|  67|0x0000000084300000, 0x0000000084400000, 0x0000000084400000|100%| O|  |TAMS 0x0000000084400000, 0x0000000084300000| Untracked 
|  68|0x0000000084400000, 0x0000000084500000, 0x0000000084500000|100%| O|  |TAMS 0x0000000084500000, 0x0000000084400000| Untracked 
|  69|0x0000000084500000, 0x0000000084600000, 0x0000000084600000|100%| O|  |TAMS 0x0000000084600000, 0x0000000084500000| Untracked 
|  70|0x0000000084600000, 0x0000000084700000, 0x0000000084700000|100%| O|  |TAMS 0x0000000084700000, 0x0000000084600000| Untracked 
|  71|0x0000000084700000, 0x0000000084800000, 0x0000000084800000|100%| O|  |TAMS 0x0000000084800000, 0x0000000084700000| Untracked 
|  72|0x0000000084800000, 0x0000000084900000, 0x0000000084900000|100%| O|  |TAMS 0x0000000084900000, 0x0000000084800000| Untracked 
|  73|0x0000000084900000, 0x0000000084a00000, 0x0000000084a00000|100%| O|  |TAMS 0x0000000084a00000, 0x0000000084900000| Untracked 
|  74|0x0000000084a00000, 0x0000000084b00000, 0x0000000084b00000|100%| O|  |TAMS 0x0000000084b00000, 0x0000000084a00000| Untracked 
|  75|0x0000000084b00000, 0x0000000084c00000, 0x0000000084c00000|100%| O|  |TAMS 0x0000000084c00000, 0x0000000084b00000| Untracked 
|  76|0x0000000084c00000, 0x0000000084d00000, 0x0000000084d00000|100%| O|  |TAMS 0x0000000084d00000, 0x0000000084c00000| Untracked 
|  77|0x0000000084d00000, 0x0000000084e00000, 0x0000000084e00000|100%| O|  |TAMS 0x0000000084e00000, 0x0000000084d00000| Untracked 
|  78|0x0000000084e00000, 0x0000000084f00000, 0x0000000084f00000|100%| O|  |TAMS 0x0000000084f00000, 0x0000000084e00000| Untracked 
|  79|0x0000000084f00000, 0x0000000085000000, 0x0000000085000000|100%| O|  |TAMS 0x0000000085000000, 0x0000000084f00000| Untracked 
|  80|0x0000000085000000, 0x0000000085100000, 0x0000000085100000|100%| O|  |TAMS 0x0000000085100000, 0x0000000085000000| Untracked 
|  81|0x0000000085100000, 0x0000000085200000, 0x0000000085200000|100%| O|  |TAMS 0x0000000085200000, 0x0000000085100000| Untracked 
|  82|0x0000000085200000, 0x0000000085300000, 0x0000000085300000|100%| O|  |TAMS 0x0000000085300000, 0x0000000085200000| Untracked 
|  83|0x0000000085300000, 0x0000000085400000, 0x0000000085400000|100%| O|  |TAMS 0x0000000085400000, 0x0000000085300000| Untracked 
|  84|0x0000000085400000, 0x0000000085500000, 0x0000000085500000|100%| O|  |TAMS 0x0000000085500000, 0x0000000085400000| Untracked 
|  85|0x0000000085500000, 0x0000000085600000, 0x0000000085600000|100%|HS|  |TAMS 0x0000000085600000, 0x0000000085500000| Complete 
|  86|0x0000000085600000, 0x0000000085700000, 0x0000000085700000|100%|HC|  |TAMS 0x0000000085700000, 0x0000000085600000| Complete 
|  87|0x0000000085700000, 0x0000000085800000, 0x0000000085800000|100%|HC|  |TAMS 0x0000000085800000, 0x0000000085700000| Complete 
|  88|0x0000000085800000, 0x0000000085900000, 0x0000000085900000|100%|HC|  |TAMS 0x0000000085900000, 0x0000000085800000| Complete 
|  89|0x0000000085900000, 0x0000000085a00000, 0x0000000085a00000|100%|HC|  |TAMS 0x0000000085a00000, 0x0000000085900000| Complete 
|  90|0x0000000085a00000, 0x0000000085b00000, 0x0000000085b00000|100%|HC|  |TAMS 0x0000000085b00000, 0x0000000085a00000| Complete 
|  91|0x0000000085b00000, 0x0000000085c00000, 0x0000000085c00000|100%| O|  |TAMS 0x0000000085c00000, 0x0000000085b00000| Untracked 
|  92|0x0000000085c00000, 0x0000000085d00000, 0x0000000085d00000|100%| O|  |TAMS 0x0000000085d00000, 0x0000000085c00000| Untracked 
|  93|0x0000000085d00000, 0x0000000085e00000, 0x0000000085e00000|100%| O|  |TAMS 0x0000000085e00000, 0x0000000085d00000| Untracked 
|  94|0x0000000085e00000, 0x0000000085f00000, 0x0000000085f00000|100%| O|  |TAMS 0x0000000085f00000, 0x0000000085e00000| Untracked 
|  95|0x0000000085f00000, 0x0000000086000000, 0x0000000086000000|100%| O|  |TAMS 0x0000000086000000, 0x0000000085f00000| Untracked 
|  96|0x0000000086000000, 0x0000000086100000, 0x0000000086100000|100%| O|  |TAMS 0x0000000086100000, 0x0000000086000000| Untracked 
|  97|0x0000000086100000, 0x0000000086200000, 0x0000000086200000|100%| O|  |TAMS 0x0000000086200000, 0x0000000086100000| Untracked 
|  98|0x0000000086200000, 0x0000000086300000, 0x0000000086300000|100%| O|  |TAMS 0x0000000086300000, 0x0000000086200000| Untracked 
|  99|0x0000000086300000, 0x0000000086400000, 0x0000000086400000|100%| O|  |TAMS 0x0000000086400000, 0x0000000086300000| Untracked 
| 100|0x0000000086400000, 0x0000000086500000, 0x0000000086500000|100%| O|  |TAMS 0x0000000086500000, 0x0000000086400000| Untracked 
| 101|0x0000000086500000, 0x0000000086600000, 0x0000000086600000|100%| O|  |TAMS 0x0000000086600000, 0x0000000086500000| Untracked 
| 102|0x0000000086600000, 0x0000000086700000, 0x0000000086700000|100%|HS|  |TAMS 0x0000000086700000, 0x0000000086600000| Complete 
| 103|0x0000000086700000, 0x0000000086800000, 0x0000000086800000|100%|HC|  |TAMS 0x0000000086800000, 0x0000000086700000| Complete 
| 104|0x0000000086800000, 0x0000000086900000, 0x0000000086900000|100%| O|  |TAMS 0x0000000086900000, 0x0000000086800000| Untracked 
| 105|0x0000000086900000, 0x0000000086a00000, 0x0000000086a00000|100%| O|  |TAMS 0x0000000086a00000, 0x0000000086900000| Untracked 
| 106|0x0000000086a00000, 0x0000000086b00000, 0x0000000086b00000|100%| O|  |TAMS 0x0000000086b00000, 0x0000000086a00000| Untracked 
| 107|0x0000000086b00000, 0x0000000086c00000, 0x0000000086c00000|100%| O|  |TAMS 0x0000000086c00000, 0x0000000086b00000| Untracked 
| 108|0x0000000086c00000, 0x0000000086d00000, 0x0000000086d00000|100%| O|  |TAMS 0x0000000086d00000, 0x0000000086c00000| Untracked 
| 109|0x0000000086d00000, 0x0000000086e00000, 0x0000000086e00000|100%| O|  |TAMS 0x0000000086e00000, 0x0000000086d00000| Untracked 
| 110|0x0000000086e00000, 0x0000000086f00000, 0x0000000086f00000|100%| O|  |TAMS 0x0000000086f00000, 0x0000000086e00000| Untracked 
| 111|0x0000000086f00000, 0x0000000087000000, 0x0000000087000000|100%| O|  |TAMS 0x0000000087000000, 0x0000000086f00000| Untracked 
| 112|0x0000000087000000, 0x0000000087100000, 0x0000000087100000|100%| O|  |TAMS 0x0000000087100000, 0x0000000087000000| Untracked 
| 113|0x0000000087100000, 0x0000000087200000, 0x0000000087200000|100%| O|  |TAMS 0x0000000087200000, 0x0000000087100000| Untracked 
| 114|0x0000000087200000, 0x0000000087300000, 0x0000000087300000|100%| O|  |TAMS 0x0000000087300000, 0x0000000087200000| Untracked 
| 115|0x0000000087300000, 0x0000000087400000, 0x0000000087400000|100%| O|  |TAMS 0x0000000087400000, 0x0000000087300000| Untracked 
| 116|0x0000000087400000, 0x0000000087500000, 0x0000000087500000|100%| O|  |TAMS 0x0000000087500000, 0x0000000087400000| Untracked 
| 117|0x0000000087500000, 0x0000000087600000, 0x0000000087600000|100%| O|  |TAMS 0x0000000087600000, 0x0000000087500000| Untracked 
| 118|0x0000000087600000, 0x0000000087700000, 0x0000000087700000|100%| O|  |TAMS 0x0000000087700000, 0x0000000087600000| Untracked 
| 119|0x0000000087700000, 0x0000000087800000, 0x0000000087800000|100%| O|  |TAMS 0x0000000087800000, 0x0000000087700000| Untracked 
| 120|0x0000000087800000, 0x0000000087900000, 0x0000000087900000|100%| O|  |TAMS 0x0000000087900000, 0x0000000087800000| Untracked 
| 121|0x0000000087900000, 0x0000000087a00000, 0x0000000087a00000|100%| O|  |TAMS 0x0000000087a00000, 0x0000000087900000| Untracked 
| 122|0x0000000087a00000, 0x0000000087b00000, 0x0000000087b00000|100%| O|  |TAMS 0x0000000087b00000, 0x0000000087a00000| Untracked 
| 123|0x0000000087b00000, 0x0000000087c00000, 0x0000000087c00000|100%| O|  |TAMS 0x0000000087c00000, 0x0000000087b00000| Untracked 
| 124|0x0000000087c00000, 0x0000000087d00000, 0x0000000087d00000|100%| O|  |TAMS 0x0000000087d00000, 0x0000000087c00000| Untracked 
| 125|0x0000000087d00000, 0x0000000087e00000, 0x0000000087e00000|100%| O|  |TAMS 0x0000000087e00000, 0x0000000087d00000| Untracked 
| 126|0x0000000087e00000, 0x0000000087f00000, 0x0000000087f00000|100%| O|  |TAMS 0x0000000087f00000, 0x0000000087e00000| Untracked 
| 127|0x0000000087f00000, 0x0000000088000000, 0x0000000088000000|100%| O|  |TAMS 0x0000000088000000, 0x0000000087f00000| Untracked 
| 128|0x0000000088000000, 0x0000000088100000, 0x0000000088100000|100%| O|  |TAMS 0x0000000088100000, 0x0000000088000000| Untracked 
| 129|0x0000000088100000, 0x0000000088200000, 0x0000000088200000|100%| O|  |TAMS 0x0000000088200000, 0x0000000088100000| Untracked 
| 130|0x0000000088200000, 0x0000000088300000, 0x0000000088300000|100%| O|  |TAMS 0x0000000088300000, 0x0000000088200000| Untracked 
| 131|0x0000000088300000, 0x0000000088400000, 0x0000000088400000|100%| O|  |TAMS 0x0000000088400000, 0x0000000088300000| Untracked 
| 132|0x0000000088400000, 0x0000000088500000, 0x0000000088500000|100%| O|  |TAMS 0x0000000088500000, 0x0000000088400000| Untracked 
| 133|0x0000000088500000, 0x0000000088600000, 0x0000000088600000|100%| O|  |TAMS 0x0000000088600000, 0x0000000088500000| Untracked 
| 134|0x0000000088600000, 0x0000000088700000, 0x0000000088700000|100%| O|  |TAMS 0x0000000088700000, 0x0000000088600000| Untracked 
| 135|0x0000000088700000, 0x0000000088800000, 0x0000000088800000|100%| O|  |TAMS 0x0000000088800000, 0x0000000088700000| Untracked 
| 136|0x0000000088800000, 0x0000000088900000, 0x0000000088900000|100%| O|  |TAMS 0x0000000088900000, 0x0000000088800000| Untracked 
| 137|0x0000000088900000, 0x0000000088a00000, 0x0000000088a00000|100%| O|  |TAMS 0x0000000088a00000, 0x0000000088900000| Untracked 
| 138|0x0000000088a00000, 0x0000000088b00000, 0x0000000088b00000|100%| O|  |TAMS 0x0000000088b00000, 0x0000000088a00000| Untracked 
| 139|0x0000000088b00000, 0x0000000088c00000, 0x0000000088c00000|100%| O|  |TAMS 0x0000000088c00000, 0x0000000088b00000| Untracked 
| 140|0x0000000088c00000, 0x0000000088d00000, 0x0000000088d00000|100%| O|  |TAMS 0x0000000088d00000, 0x0000000088c00000| Untracked 
| 141|0x0000000088d00000, 0x0000000088e00000, 0x0000000088e00000|100%| O|  |TAMS 0x0000000088e00000, 0x0000000088d00000| Untracked 
| 142|0x0000000088e00000, 0x0000000088f00000, 0x0000000088f00000|100%| O|  |TAMS 0x0000000088f00000, 0x0000000088e00000| Untracked 
| 143|0x0000000088f00000, 0x0000000089000000, 0x0000000089000000|100%| O|  |TAMS 0x0000000089000000, 0x0000000088f00000| Untracked 
| 144|0x0000000089000000, 0x0000000089100000, 0x0000000089100000|100%| O|  |TAMS 0x0000000089100000, 0x0000000089000000| Untracked 
| 145|0x0000000089100000, 0x0000000089200000, 0x0000000089200000|100%| O|  |TAMS 0x0000000089200000, 0x0000000089100000| Untracked 
| 146|0x0000000089200000, 0x0000000089300000, 0x0000000089300000|100%|HS|  |TAMS 0x0000000089300000, 0x0000000089200000| Complete 
| 147|0x0000000089300000, 0x0000000089400000, 0x0000000089400000|100%| O|  |TAMS 0x0000000089400000, 0x0000000089300000| Untracked 
| 148|0x0000000089400000, 0x0000000089500000, 0x0000000089500000|100%| O|  |TAMS 0x0000000089500000, 0x0000000089400000| Complete 
| 149|0x0000000089500000, 0x0000000089600000, 0x0000000089600000|100%| O|  |TAMS 0x0000000089600000, 0x0000000089500000| Untracked 
| 150|0x0000000089600000, 0x0000000089700000, 0x0000000089700000|100%| O|  |TAMS 0x0000000089700000, 0x0000000089600000| Untracked 
| 151|0x0000000089700000, 0x0000000089800000, 0x0000000089800000|100%| O|  |TAMS 0x0000000089800000, 0x0000000089700000| Untracked 
| 152|0x0000000089800000, 0x0000000089900000, 0x0000000089900000|100%| O|  |TAMS 0x0000000089900000, 0x0000000089800000| Untracked 
| 153|0x0000000089900000, 0x0000000089a00000, 0x0000000089a00000|100%|HS|  |TAMS 0x0000000089900000, 0x0000000089900000| Complete 
| 154|0x0000000089a00000, 0x0000000089b00000, 0x0000000089b00000|100%| O|  |TAMS 0x0000000089b00000, 0x0000000089a00000| Untracked 
| 155|0x0000000089b00000, 0x0000000089c00000, 0x0000000089c00000|100%| O|  |TAMS 0x0000000089c00000, 0x0000000089b00000| Untracked 
| 156|0x0000000089c00000, 0x0000000089d00000, 0x0000000089d00000|100%|HS|  |TAMS 0x0000000089c00000, 0x0000000089c00000| Complete 
| 157|0x0000000089d00000, 0x0000000089e00000, 0x0000000089e00000|100%|HS|  |TAMS 0x0000000089d00000, 0x0000000089d00000| Complete 
| 158|0x0000000089e00000, 0x0000000089f00000, 0x0000000089f00000|100%| O|  |TAMS 0x0000000089f00000, 0x0000000089e00000| Complete 
| 159|0x0000000089f00000, 0x000000008a000000, 0x000000008a000000|100%| O|  |TAMS 0x000000008a000000, 0x0000000089f00000| Untracked 
| 160|0x000000008a000000, 0x000000008a100000, 0x000000008a100000|100%| O|  |TAMS 0x000000008a100000, 0x000000008a000000| Untracked 
| 161|0x000000008a100000, 0x000000008a200000, 0x000000008a200000|100%| O|  |TAMS 0x000000008a200000, 0x000000008a100000| Untracked 
| 162|0x000000008a200000, 0x000000008a300000, 0x000000008a300000|100%| O|  |TAMS 0x000000008a300000, 0x000000008a200000| Untracked 
| 163|0x000000008a300000, 0x000000008a400000, 0x000000008a400000|100%| O|  |TAMS 0x000000008a400000, 0x000000008a300000| Untracked 
| 164|0x000000008a400000, 0x000000008a500000, 0x000000008a500000|100%| O|  |TAMS 0x000000008a500000, 0x000000008a400000| Untracked 
| 165|0x000000008a500000, 0x000000008a600000, 0x000000008a600000|100%| O|  |TAMS 0x000000008a600000, 0x000000008a500000| Untracked 
| 166|0x000000008a600000, 0x000000008a700000, 0x000000008a700000|100%| O|  |TAMS 0x000000008a700000, 0x000000008a600000| Untracked 
| 167|0x000000008a700000, 0x000000008a800000, 0x000000008a800000|100%| O|  |TAMS 0x000000008a800000, 0x000000008a700000| Untracked 
| 168|0x000000008a800000, 0x000000008a900000, 0x000000008a900000|100%| O|  |TAMS 0x000000008a900000, 0x000000008a800000| Untracked 
| 169|0x000000008a900000, 0x000000008aa00000, 0x000000008aa00000|100%| O|  |TAMS 0x000000008aa00000, 0x000000008a900000| Untracked 
| 170|0x000000008aa00000, 0x000000008ab00000, 0x000000008ab00000|100%| O|  |TAMS 0x000000008ab00000, 0x000000008aa00000| Untracked 
| 171|0x000000008ab00000, 0x000000008ac00000, 0x000000008ac00000|100%|HS|  |TAMS 0x000000008ab00000, 0x000000008ab00000| Complete 
| 172|0x000000008ac00000, 0x000000008ad00000, 0x000000008ad00000|100%| O|  |TAMS 0x000000008ad00000, 0x000000008ac00000| Untracked 
| 173|0x000000008ad00000, 0x000000008ae00000, 0x000000008ae00000|100%| O|  |TAMS 0x000000008ae00000, 0x000000008ad00000| Untracked 
| 174|0x000000008ae00000, 0x000000008af00000, 0x000000008af00000|100%| O|  |TAMS 0x000000008af00000, 0x000000008ae00000| Complete 
| 175|0x000000008af00000, 0x000000008b000000, 0x000000008b000000|100%|HS|  |TAMS 0x000000008af00000, 0x000000008af00000| Complete 
| 176|0x000000008b000000, 0x000000008b100000, 0x000000008b100000|100%| O|  |TAMS 0x000000008b100000, 0x000000008b000000| Untracked 
| 177|0x000000008b100000, 0x000000008b200000, 0x000000008b200000|100%| O|  |TAMS 0x000000008b200000, 0x000000008b100000| Complete 
| 178|0x000000008b200000, 0x000000008b300000, 0x000000008b300000|100%| O|  |TAMS 0x000000008b300000, 0x000000008b200000| Complete 
| 179|0x000000008b300000, 0x000000008b400000, 0x000000008b400000|100%| O|  |TAMS 0x000000008b400000, 0x000000008b300000| Untracked 
| 180|0x000000008b400000, 0x000000008b500000, 0x000000008b500000|100%| O|  |TAMS 0x000000008b500000, 0x000000008b400000| Untracked 
| 181|0x000000008b500000, 0x000000008b600000, 0x000000008b600000|100%| O|  |TAMS 0x000000008b600000, 0x000000008b500000| Untracked 
| 182|0x000000008b600000, 0x000000008b700000, 0x000000008b700000|100%| O|  |TAMS 0x000000008b700000, 0x000000008b600000| Untracked 
| 183|0x000000008b700000, 0x000000008b800000, 0x000000008b800000|100%| O|  |TAMS 0x000000008b800000, 0x000000008b700000| Untracked 
| 184|0x000000008b800000, 0x000000008b900000, 0x000000008b900000|100%| O|  |TAMS 0x000000008b900000, 0x000000008b800000| Untracked 
| 185|0x000000008b900000, 0x000000008ba00000, 0x000000008ba00000|100%|HS|  |TAMS 0x000000008ba00000, 0x000000008b900000| Complete 
| 186|0x000000008ba00000, 0x000000008bb00000, 0x000000008bb00000|100%|HC|  |TAMS 0x000000008bb00000, 0x000000008ba00000| Complete 
| 187|0x000000008bb00000, 0x000000008bc00000, 0x000000008bc00000|100%|HS|  |TAMS 0x000000008bb00000, 0x000000008bb00000| Complete 
| 188|0x000000008bc00000, 0x000000008bd00000, 0x000000008bd00000|100%|HC|  |TAMS 0x000000008bc00000, 0x000000008bc00000| Complete 
| 189|0x000000008bd00000, 0x000000008be00000, 0x000000008be00000|100%| O|  |TAMS 0x000000008be00000, 0x000000008bd00000| Untracked 
| 190|0x000000008be00000, 0x000000008bf00000, 0x000000008bf00000|100%| O|  |TAMS 0x000000008bf00000, 0x000000008be00000| Untracked 
| 191|0x000000008bf00000, 0x000000008c000000, 0x000000008c000000|100%| O|  |TAMS 0x000000008c000000, 0x000000008bf00000| Untracked 
| 192|0x000000008c000000, 0x000000008c100000, 0x000000008c100000|100%| O|  |TAMS 0x000000008c100000, 0x000000008c000000| Untracked 
| 193|0x000000008c100000, 0x000000008c200000, 0x000000008c200000|100%| O|  |TAMS 0x000000008c200000, 0x000000008c100000| Untracked 
| 194|0x000000008c200000, 0x000000008c300000, 0x000000008c300000|100%| O|  |TAMS 0x000000008c300000, 0x000000008c200000| Untracked 
| 195|0x000000008c300000, 0x000000008c400000, 0x000000008c400000|100%| O|  |TAMS 0x000000008c400000, 0x000000008c300000| Untracked 
| 196|0x000000008c400000, 0x000000008c500000, 0x000000008c500000|100%| O|  |TAMS 0x000000008c500000, 0x000000008c400000| Untracked 
| 197|0x000000008c500000, 0x000000008c600000, 0x000000008c600000|100%| O|  |TAMS 0x000000008c600000, 0x000000008c500000| Untracked 
| 198|0x000000008c600000, 0x000000008c700000, 0x000000008c700000|100%| O|  |TAMS 0x000000008c700000, 0x000000008c600000| Untracked 
| 199|0x000000008c700000, 0x000000008c800000, 0x000000008c800000|100%|HS|  |TAMS 0x000000008c700000, 0x000000008c700000| Complete 
| 200|0x000000008c800000, 0x000000008c900000, 0x000000008c900000|100%| O|  |TAMS 0x000000008c900000, 0x000000008c800000| Complete 
| 201|0x000000008c900000, 0x000000008ca00000, 0x000000008ca00000|100%| O|  |TAMS 0x000000008ca00000, 0x000000008c900000| Untracked 
| 202|0x000000008ca00000, 0x000000008cb00000, 0x000000008cb00000|100%| O|  |TAMS 0x000000008cb00000, 0x000000008ca00000| Complete 
| 203|0x000000008cb00000, 0x000000008cc00000, 0x000000008cc00000|100%| O|  |TAMS 0x000000008cc00000, 0x000000008cb00000| Complete 
| 204|0x000000008cc00000, 0x000000008cd00000, 0x000000008cd00000|100%| O|  |TAMS 0x000000008cd00000, 0x000000008cc00000| Untracked 
| 205|0x000000008cd00000, 0x000000008ce00000, 0x000000008ce00000|100%| O|  |TAMS 0x000000008ce00000, 0x000000008cd00000| Untracked 
| 206|0x000000008ce00000, 0x000000008cf00000, 0x000000008cf00000|100%| O|  |TAMS 0x000000008cf00000, 0x000000008ce00000| Untracked 
| 207|0x000000008cf00000, 0x000000008d000000, 0x000000008d000000|100%|HS|  |TAMS 0x000000008cf00000, 0x000000008cf00000| Complete 
| 208|0x000000008d000000, 0x000000008d100000, 0x000000008d100000|100%| O|  |TAMS 0x000000008d100000, 0x000000008d000000| Untracked 
| 209|0x000000008d100000, 0x000000008d200000, 0x000000008d200000|100%|HS|  |TAMS 0x000000008d100000, 0x000000008d100000| Complete 
| 210|0x000000008d200000, 0x000000008d300000, 0x000000008d300000|100%|HS|  |TAMS 0x000000008d200000, 0x000000008d200000| Complete 
| 211|0x000000008d300000, 0x000000008d400000, 0x000000008d400000|100%| O|  |TAMS 0x000000008d400000, 0x000000008d300000| Untracked 
| 212|0x000000008d400000, 0x000000008d500000, 0x000000008d500000|100%| O|  |TAMS 0x000000008d500000, 0x000000008d400000| Untracked 
| 213|0x000000008d500000, 0x000000008d600000, 0x000000008d600000|100%| O|  |TAMS 0x000000008d600000, 0x000000008d500000| Untracked 
| 214|0x000000008d600000, 0x000000008d700000, 0x000000008d700000|100%| O|  |TAMS 0x000000008d700000, 0x000000008d600000| Complete 
| 215|0x000000008d700000, 0x000000008d800000, 0x000000008d800000|100%|HS|  |TAMS 0x000000008d700000, 0x000000008d700000| Complete 
| 216|0x000000008d800000, 0x000000008d900000, 0x000000008d900000|100%| O|  |TAMS 0x000000008d900000, 0x000000008d800000| Untracked 
| 217|0x000000008d900000, 0x000000008da00000, 0x000000008da00000|100%| O|  |TAMS 0x000000008da00000, 0x000000008d900000| Untracked 
| 218|0x000000008da00000, 0x000000008db00000, 0x000000008db00000|100%| O|  |TAMS 0x000000008db00000, 0x000000008da00000| Untracked 
| 219|0x000000008db00000, 0x000000008dc00000, 0x000000008dc00000|100%|HS|  |TAMS 0x000000008db00000, 0x000000008db00000| Complete 
| 220|0x000000008dc00000, 0x000000008dd00000, 0x000000008dd00000|100%| O|  |TAMS 0x000000008dd00000, 0x000000008dc00000| Untracked 
| 221|0x000000008dd00000, 0x000000008de00000, 0x000000008de00000|100%| O|  |TAMS 0x000000008de00000, 0x000000008dd00000| Untracked 
| 222|0x000000008de00000, 0x000000008df00000, 0x000000008df00000|100%|HS|  |TAMS 0x000000008df00000, 0x000000008de00000| Complete 
| 223|0x000000008df00000, 0x000000008e000000, 0x000000008e000000|100%|HC|  |TAMS 0x000000008e000000, 0x000000008df00000| Complete 
| 224|0x000000008e000000, 0x000000008e100000, 0x000000008e100000|100%|HC|  |TAMS 0x000000008e100000, 0x000000008e000000| Complete 
| 225|0x000000008e100000, 0x000000008e200000, 0x000000008e200000|100%| O|  |TAMS 0x000000008e200000, 0x000000008e100000| Untracked 
| 226|0x000000008e200000, 0x000000008e300000, 0x000000008e300000|100%| O|  |TAMS 0x000000008e300000, 0x000000008e200000| Untracked 
| 227|0x000000008e300000, 0x000000008e400000, 0x000000008e400000|100%|HS|  |TAMS 0x000000008e300000, 0x000000008e300000| Complete 
| 228|0x000000008e400000, 0x000000008e500000, 0x000000008e500000|100%| O|  |TAMS 0x000000008e500000, 0x000000008e400000| Complete 
| 229|0x000000008e500000, 0x000000008e600000, 0x000000008e600000|100%| O|  |TAMS 0x000000008e600000, 0x000000008e500000| Untracked 
| 230|0x000000008e600000, 0x000000008e700000, 0x000000008e700000|100%| O|  |TAMS 0x000000008e700000, 0x000000008e600000| Untracked 
| 231|0x000000008e700000, 0x000000008e800000, 0x000000008e800000|100%|HS|  |TAMS 0x000000008e700000, 0x000000008e700000| Complete 
| 232|0x000000008e800000, 0x000000008e900000, 0x000000008e900000|100%| O|  |TAMS 0x000000008e900000, 0x000000008e800000| Complete 
| 233|0x000000008e900000, 0x000000008ea00000, 0x000000008ea00000|100%| O|  |TAMS 0x000000008ea00000, 0x000000008e900000| Complete 
| 234|0x000000008ea00000, 0x000000008eb00000, 0x000000008eb00000|100%|HS|  |TAMS 0x000000008ea00000, 0x000000008ea00000| Complete 
| 235|0x000000008eb00000, 0x000000008ec00000, 0x000000008ec00000|100%| O|  |TAMS 0x000000008ec00000, 0x000000008eb00000| Untracked 
| 236|0x000000008ec00000, 0x000000008ed00000, 0x000000008ed00000|100%| O|  |TAMS 0x000000008ed00000, 0x000000008ec00000| Untracked 
| 237|0x000000008ed00000, 0x000000008ee00000, 0x000000008ee00000|100%|HS|  |TAMS 0x000000008ed00000, 0x000000008ed00000| Complete 
| 238|0x000000008ee00000, 0x000000008ef00000, 0x000000008ef00000|100%| O|  |TAMS 0x000000008ef00000, 0x000000008ee00000| Complete 
| 239|0x000000008ef00000, 0x000000008f000000, 0x000000008f000000|100%| O|  |TAMS 0x000000008f000000, 0x000000008ef00000| Untracked 
| 240|0x000000008f000000, 0x000000008f100000, 0x000000008f100000|100%| O|  |TAMS 0x000000008f100000, 0x000000008f000000| Untracked 
| 241|0x000000008f100000, 0x000000008f200000, 0x000000008f200000|100%|HS|  |TAMS 0x000000008f100000, 0x000000008f100000| Complete 
| 242|0x000000008f200000, 0x000000008f300000, 0x000000008f300000|100%| O|  |TAMS 0x000000008f300000, 0x000000008f200000| Complete 
| 243|0x000000008f300000, 0x000000008f400000, 0x000000008f400000|100%|HS|  |TAMS 0x000000008f300000, 0x000000008f300000| Complete 
| 244|0x000000008f400000, 0x000000008f500000, 0x000000008f500000|100%|HC|  |TAMS 0x000000008f400000, 0x000000008f400000| Complete 
| 245|0x000000008f500000, 0x000000008f600000, 0x000000008f600000|100%| O|  |TAMS 0x000000008f600000, 0x000000008f500000| Untracked 
| 246|0x000000008f600000, 0x000000008f700000, 0x000000008f700000|100%|HS|  |TAMS 0x000000008f600000, 0x000000008f600000| Complete 
| 247|0x000000008f700000, 0x000000008f800000, 0x000000008f800000|100%| O|  |TAMS 0x000000008f800000, 0x000000008f700000| Complete 
| 248|0x000000008f800000, 0x000000008f900000, 0x000000008f900000|100%| O|  |TAMS 0x000000008f900000, 0x000000008f800000| Untracked 
| 249|0x000000008f900000, 0x000000008fa00000, 0x000000008fa00000|100%| O|  |TAMS 0x000000008fa00000, 0x000000008f900000| Complete 
| 250|0x000000008fa00000, 0x000000008fb00000, 0x000000008fb00000|100%| O|  |TAMS 0x000000008fb00000, 0x000000008fa00000| Untracked 
| 251|0x000000008fb00000, 0x000000008fc00000, 0x000000008fc00000|100%| O|  |TAMS 0x000000008fc00000, 0x000000008fb00000| Complete 
| 252|0x000000008fc00000, 0x000000008fd00000, 0x000000008fd00000|100%| O|  |TAMS 0x000000008fd00000, 0x000000008fc00000| Untracked 
| 253|0x000000008fd00000, 0x000000008fe00000, 0x000000008fe00000|100%| O|  |TAMS 0x000000008fe00000, 0x000000008fd00000| Untracked 
| 254|0x000000008fe00000, 0x000000008ff00000, 0x000000008ff00000|100%| O|  |TAMS 0x000000008ff00000, 0x000000008fe00000| Complete 
| 255|0x000000008ff00000, 0x0000000090000000, 0x0000000090000000|100%| O|  |TAMS 0x0000000090000000, 0x000000008ff00000| Complete 
| 256|0x0000000090000000, 0x0000000090100000, 0x0000000090100000|100%|HS|  |TAMS 0x0000000090000000, 0x0000000090000000| Complete 
| 257|0x0000000090100000, 0x0000000090200000, 0x0000000090200000|100%| O|  |TAMS 0x0000000090200000, 0x0000000090100000| Complete 
| 258|0x0000000090200000, 0x0000000090300000, 0x0000000090300000|100%| O|  |TAMS 0x0000000090300000, 0x0000000090200000| Untracked 
| 259|0x0000000090300000, 0x0000000090400000, 0x0000000090400000|100%|HS|  |TAMS 0x0000000090300000, 0x0000000090300000| Complete 
| 260|0x0000000090400000, 0x0000000090500000, 0x0000000090500000|100%| O|  |TAMS 0x0000000090500000, 0x0000000090400000| Untracked 
| 261|0x0000000090500000, 0x0000000090600000, 0x0000000090600000|100%| O|  |TAMS 0x0000000090600000, 0x0000000090500000| Untracked 
| 262|0x0000000090600000, 0x0000000090700000, 0x0000000090700000|100%| O|  |TAMS 0x0000000090700000, 0x0000000090600000| Untracked 
| 263|0x0000000090700000, 0x0000000090800000, 0x0000000090800000|100%| O|  |TAMS 0x0000000090800000, 0x0000000090700000| Untracked 
| 264|0x0000000090800000, 0x0000000090900000, 0x0000000090900000|100%| O|  |TAMS 0x0000000090900000, 0x0000000090800000| Complete 
| 265|0x0000000090900000, 0x0000000090a00000, 0x0000000090a00000|100%|HS|  |TAMS 0x0000000090900000, 0x0000000090900000| Complete 
| 266|0x0000000090a00000, 0x0000000090b00000, 0x0000000090b00000|100%| O|  |TAMS 0x0000000090b00000, 0x0000000090a00000| Untracked 
| 267|0x0000000090b00000, 0x0000000090c00000, 0x0000000090c00000|100%|HS|  |TAMS 0x0000000090b00000, 0x0000000090b00000| Complete 
| 268|0x0000000090c00000, 0x0000000090d00000, 0x0000000090d00000|100%|HC|  |TAMS 0x0000000090c00000, 0x0000000090c00000| Complete 
| 269|0x0000000090d00000, 0x0000000090e00000, 0x0000000090e00000|100%|HC|  |TAMS 0x0000000090d00000, 0x0000000090d00000| Complete 
| 270|0x0000000090e00000, 0x0000000090f00000, 0x0000000090f00000|100%|HS|  |TAMS 0x0000000090e00000, 0x0000000090e00000| Complete 
| 271|0x0000000090f00000, 0x0000000091000000, 0x0000000091000000|100%| O|  |TAMS 0x0000000091000000, 0x0000000090f00000| Untracked 
| 272|0x0000000091000000, 0x0000000091100000, 0x0000000091100000|100%| O|  |TAMS 0x0000000091100000, 0x0000000091000000| Complete 
| 273|0x0000000091100000, 0x0000000091200000, 0x0000000091200000|100%| O|  |TAMS 0x0000000091200000, 0x0000000091100000| Untracked 
| 274|0x0000000091200000, 0x0000000091300000, 0x0000000091300000|100%| O|  |TAMS 0x0000000091300000, 0x0000000091200000| Untracked 
| 275|0x0000000091300000, 0x0000000091400000, 0x0000000091400000|100%| O|  |TAMS 0x0000000091400000, 0x0000000091300000| Complete 
| 276|0x0000000091400000, 0x0000000091500000, 0x0000000091500000|100%| O|  |TAMS 0x0000000091500000, 0x0000000091400000| Complete 
| 277|0x0000000091500000, 0x0000000091600000, 0x0000000091600000|100%|HS|  |TAMS 0x0000000091500000, 0x0000000091500000| Complete 
| 278|0x0000000091600000, 0x0000000091700000, 0x0000000091700000|100%| O|  |TAMS 0x0000000091700000, 0x0000000091600000| Complete 
| 279|0x0000000091700000, 0x0000000091800000, 0x0000000091800000|100%|HS|  |TAMS 0x0000000091700000, 0x0000000091700000| Complete 
| 280|0x0000000091800000, 0x0000000091900000, 0x0000000091900000|100%|HC|  |TAMS 0x0000000091800000, 0x0000000091800000| Complete 
| 281|0x0000000091900000, 0x0000000091a00000, 0x0000000091a00000|100%|HS|  |TAMS 0x0000000091900000, 0x0000000091900000| Complete 
| 282|0x0000000091a00000, 0x0000000091b00000, 0x0000000091b00000|100%|HC|  |TAMS 0x0000000091a00000, 0x0000000091a00000| Complete 
| 283|0x0000000091b00000, 0x0000000091c00000, 0x0000000091c00000|100%|HS|  |TAMS 0x0000000091b00000, 0x0000000091b00000| Complete 
| 284|0x0000000091c00000, 0x0000000091d00000, 0x0000000091d00000|100%| O|  |TAMS 0x0000000091d00000, 0x0000000091c00000| Untracked 
| 285|0x0000000091d00000, 0x0000000091e00000, 0x0000000091e00000|100%| O|  |TAMS 0x0000000091e00000, 0x0000000091d00000| Complete 
| 286|0x0000000091e00000, 0x0000000091f00000, 0x0000000091f00000|100%|HS|  |TAMS 0x0000000091e00000, 0x0000000091e00000| Complete 
| 287|0x0000000091f00000, 0x0000000092000000, 0x0000000092000000|100%| O|  |TAMS 0x0000000092000000, 0x0000000091f00000| Complete 
| 288|0x0000000092000000, 0x0000000092100000, 0x0000000092100000|100%| O|  |TAMS 0x0000000092100000, 0x0000000092000000| Complete 
| 289|0x0000000092100000, 0x0000000092200000, 0x0000000092200000|100%| O|  |TAMS 0x0000000092200000, 0x0000000092100000| Complete 
| 290|0x0000000092200000, 0x0000000092300000, 0x0000000092300000|100%| O|  |TAMS 0x0000000092300000, 0x0000000092200000| Complete 
| 291|0x0000000092300000, 0x0000000092400000, 0x0000000092400000|100%|HS|  |TAMS 0x0000000092300000, 0x0000000092300000| Complete 
| 292|0x0000000092400000, 0x0000000092500000, 0x0000000092500000|100%|HC|  |TAMS 0x0000000092400000, 0x0000000092400000| Complete 
| 293|0x0000000092500000, 0x0000000092600000, 0x0000000092600000|100%| O|  |TAMS 0x0000000092600000, 0x0000000092500000| Complete 
| 294|0x0000000092600000, 0x0000000092700000, 0x0000000092700000|100%|HS|  |TAMS 0x0000000092600000, 0x0000000092600000| Complete 
| 295|0x0000000092700000, 0x0000000092800000, 0x0000000092800000|100%|HC|  |TAMS 0x0000000092700000, 0x0000000092700000| Complete 
| 296|0x0000000092800000, 0x0000000092900000, 0x0000000092900000|100%|HS|  |TAMS 0x0000000092800000, 0x0000000092800000| Complete 
| 297|0x0000000092900000, 0x0000000092a00000, 0x0000000092a00000|100%|HC|  |TAMS 0x0000000092900000, 0x0000000092900000| Complete 
| 298|0x0000000092a00000, 0x0000000092b00000, 0x0000000092b00000|100%|HS|  |TAMS 0x0000000092a00000, 0x0000000092a00000| Complete 
| 299|0x0000000092b00000, 0x0000000092c00000, 0x0000000092c00000|100%| O|  |TAMS 0x0000000092c00000, 0x0000000092b00000| Complete 
| 300|0x0000000092c00000, 0x0000000092d00000, 0x0000000092d00000|100%|HS|  |TAMS 0x0000000092c00000, 0x0000000092c00000| Complete 
| 301|0x0000000092d00000, 0x0000000092e00000, 0x0000000092e00000|100%|HC|  |TAMS 0x0000000092d00000, 0x0000000092d00000| Complete 
| 302|0x0000000092e00000, 0x0000000092f00000, 0x0000000092f00000|100%|HS|  |TAMS 0x0000000092e00000, 0x0000000092e00000| Complete 
| 303|0x0000000092f00000, 0x0000000093000000, 0x0000000093000000|100%|HC|  |TAMS 0x0000000092f00000, 0x0000000092f00000| Complete 
| 304|0x0000000093000000, 0x0000000093100000, 0x0000000093100000|100%|HS|  |TAMS 0x0000000093000000, 0x0000000093000000| Complete 
| 305|0x0000000093100000, 0x0000000093200000, 0x0000000093200000|100%| O|  |TAMS 0x0000000093200000, 0x0000000093100000| Complete 
| 306|0x0000000093200000, 0x0000000093300000, 0x0000000093300000|100%|HS|  |TAMS 0x0000000093200000, 0x0000000093200000| Complete 
| 307|0x0000000093300000, 0x0000000093400000, 0x0000000093400000|100%|HC|  |TAMS 0x0000000093300000, 0x0000000093300000| Complete 
| 308|0x0000000093400000, 0x0000000093500000, 0x0000000093500000|100%|HS|  |TAMS 0x0000000093400000, 0x0000000093400000| Complete 
| 309|0x0000000093500000, 0x0000000093600000, 0x0000000093600000|100%|HC|  |TAMS 0x0000000093500000, 0x0000000093500000| Complete 
| 310|0x0000000093600000, 0x0000000093700000, 0x0000000093700000|100%|HS|  |TAMS 0x0000000093600000, 0x0000000093600000| Complete 
| 311|0x0000000093700000, 0x0000000093800000, 0x0000000093800000|100%|HC|  |TAMS 0x0000000093700000, 0x0000000093700000| Complete 
| 312|0x0000000093800000, 0x0000000093900000, 0x0000000093900000|100%|HS|  |TAMS 0x0000000093800000, 0x0000000093800000| Complete 
| 313|0x0000000093900000, 0x0000000093a00000, 0x0000000093a00000|100%|HC|  |TAMS 0x0000000093900000, 0x0000000093900000| Complete 
| 314|0x0000000093a00000, 0x0000000093b00000, 0x0000000093b00000|100%|HS|  |TAMS 0x0000000093a00000, 0x0000000093a00000| Complete 
| 315|0x0000000093b00000, 0x0000000093c00000, 0x0000000093c00000|100%|HC|  |TAMS 0x0000000093b00000, 0x0000000093b00000| Complete 
| 316|0x0000000093c00000, 0x0000000093d00000, 0x0000000093d00000|100%|HS|  |TAMS 0x0000000093c00000, 0x0000000093c00000| Complete 
| 317|0x0000000093d00000, 0x0000000093e00000, 0x0000000093e00000|100%|HS|  |TAMS 0x0000000093d00000, 0x0000000093d00000| Complete 
| 318|0x0000000093e00000, 0x0000000093f00000, 0x0000000093f00000|100%|HS|  |TAMS 0x0000000093e00000, 0x0000000093e00000| Complete 
| 319|0x0000000093f00000, 0x0000000094000000, 0x0000000094000000|100%|HC|  |TAMS 0x0000000093f00000, 0x0000000093f00000| Complete 
| 320|0x0000000094000000, 0x0000000094100000, 0x0000000094100000|100%|HS|  |TAMS 0x0000000094000000, 0x0000000094000000| Complete 
| 321|0x0000000094100000, 0x0000000094200000, 0x0000000094200000|100%| O|  |TAMS 0x0000000094200000, 0x0000000094100000| Complete 
| 322|0x0000000094200000, 0x0000000094300000, 0x0000000094300000|100%| O|  |TAMS 0x0000000094300000, 0x0000000094200000| Complete 
| 323|0x0000000094300000, 0x0000000094400000, 0x0000000094400000|100%| O|  |TAMS 0x0000000094400000, 0x0000000094300000| Complete 
| 324|0x0000000094400000, 0x0000000094500000, 0x0000000094500000|100%| O|  |TAMS 0x0000000094500000, 0x0000000094400000| Complete 
| 325|0x0000000094500000, 0x0000000094600000, 0x0000000094600000|100%| O|  |TAMS 0x0000000094600000, 0x0000000094500000| Untracked 
| 326|0x0000000094600000, 0x0000000094700000, 0x0000000094700000|100%| O|  |TAMS 0x0000000094700000, 0x0000000094600000| Untracked 
| 327|0x0000000094700000, 0x0000000094800000, 0x0000000094800000|100%|HS|  |TAMS 0x0000000094700000, 0x0000000094700000| Complete 
| 328|0x0000000094800000, 0x0000000094900000, 0x0000000094900000|100%|HC|  |TAMS 0x0000000094800000, 0x0000000094800000| Complete 
| 329|0x0000000094900000, 0x0000000094a00000, 0x0000000094a00000|100%|HS|  |TAMS 0x0000000094900000, 0x0000000094900000| Complete 
| 330|0x0000000094a00000, 0x0000000094b00000, 0x0000000094b00000|100%|HS|  |TAMS 0x0000000094a00000, 0x0000000094a00000| Complete 
| 331|0x0000000094b00000, 0x0000000094c00000, 0x0000000094c00000|100%|HC|  |TAMS 0x0000000094b00000, 0x0000000094b00000| Complete 
| 332|0x0000000094c00000, 0x0000000094d00000, 0x0000000094d00000|100%| O|  |TAMS 0x0000000094d00000, 0x0000000094c00000| Complete 
| 333|0x0000000094d00000, 0x0000000094e00000, 0x0000000094e00000|100%|HS|  |TAMS 0x0000000094d00000, 0x0000000094d00000| Complete 
| 334|0x0000000094e00000, 0x0000000094f00000, 0x0000000094f00000|100%|HC|  |TAMS 0x0000000094e00000, 0x0000000094e00000| Complete 
| 335|0x0000000094f00000, 0x0000000095000000, 0x0000000095000000|100%| O|  |TAMS 0x0000000095000000, 0x0000000094f00000| Untracked 
| 336|0x0000000095000000, 0x0000000095100000, 0x0000000095100000|100%| O|  |TAMS 0x0000000095100000, 0x0000000095000000| Untracked 
| 337|0x0000000095100000, 0x0000000095200000, 0x0000000095200000|100%| O|  |TAMS 0x0000000095200000, 0x0000000095100000| Untracked 
| 338|0x0000000095200000, 0x0000000095200000, 0x0000000095300000|  0%| F|  |TAMS 0x0000000095200000, 0x0000000095200000| Untracked 
| 339|0x0000000095300000, 0x0000000095400000, 0x0000000095400000|100%| O|  |TAMS 0x0000000095400000, 0x0000000095300000| Untracked 
| 340|0x0000000095400000, 0x0000000095500000, 0x0000000095500000|100%| O|  |TAMS 0x0000000095500000, 0x0000000095400000| Complete 
| 341|0x0000000095500000, 0x0000000095600000, 0x0000000095600000|100%| O|  |TAMS 0x0000000095600000, 0x0000000095500000| Untracked 
| 342|0x0000000095600000, 0x0000000095700000, 0x0000000095700000|100%| O|  |TAMS 0x0000000095700000, 0x0000000095600000| Untracked 
| 343|0x0000000095700000, 0x0000000095800000, 0x0000000095800000|100%| O|  |TAMS 0x0000000095800000, 0x0000000095700000| Untracked 
| 344|0x0000000095800000, 0x0000000095900000, 0x0000000095900000|100%|HS|  |TAMS 0x0000000095800000, 0x0000000095800000| Complete 
| 345|0x0000000095900000, 0x0000000095a00000, 0x0000000095a00000|100%|HC|  |TAMS 0x0000000095900000, 0x0000000095900000| Complete 
| 346|0x0000000095a00000, 0x0000000095a00000, 0x0000000095b00000|  0%| F|  |TAMS 0x0000000095a00000, 0x0000000095a00000| Untracked 
| 347|0x0000000095b00000, 0x0000000095c00000, 0x0000000095c00000|100%| O|  |TAMS 0x0000000095c00000, 0x0000000095b00000| Untracked 
| 348|0x0000000095c00000, 0x0000000095c00000, 0x0000000095d00000|  0%| F|  |TAMS 0x0000000095c00000, 0x0000000095c00000| Untracked 
| 349|0x0000000095d00000, 0x0000000095d00000, 0x0000000095e00000|  0%| F|  |TAMS 0x0000000095d00000, 0x0000000095d00000| Untracked 
| 350|0x0000000095e00000, 0x0000000095f00000, 0x0000000095f00000|100%| O|  |TAMS 0x0000000095f00000, 0x0000000095e00000| Complete 
| 351|0x0000000095f00000, 0x0000000096000000, 0x0000000096000000|100%| O|  |TAMS 0x0000000096000000, 0x0000000095f00000| Untracked 
| 352|0x0000000096000000, 0x0000000096000000, 0x0000000096100000|  0%| F|  |TAMS 0x0000000096000000, 0x0000000096000000| Untracked 
| 353|0x0000000096100000, 0x0000000096200000, 0x0000000096200000|100%| O|  |TAMS 0x0000000096200000, 0x0000000096100000| Untracked 
| 354|0x0000000096200000, 0x0000000096300000, 0x0000000096300000|100%|HS|  |TAMS 0x0000000096200000, 0x0000000096200000| Complete 
| 355|0x0000000096300000, 0x0000000096400000, 0x0000000096400000|100%|HC|  |TAMS 0x0000000096300000, 0x0000000096300000| Complete 
| 356|0x0000000096400000, 0x0000000096500000, 0x0000000096500000|100%|HC|  |TAMS 0x0000000096400000, 0x0000000096400000| Complete 
| 357|0x0000000096500000, 0x0000000096600000, 0x0000000096600000|100%|HC|  |TAMS 0x0000000096500000, 0x0000000096500000| Complete 
| 358|0x0000000096600000, 0x0000000096700000, 0x0000000096700000|100%|HC|  |TAMS 0x0000000096600000, 0x0000000096600000| Complete 
| 359|0x0000000096700000, 0x0000000096800000, 0x0000000096800000|100%|HC|  |TAMS 0x0000000096700000, 0x0000000096700000| Complete 
| 360|0x0000000096800000, 0x0000000096900000, 0x0000000096900000|100%|HC|  |TAMS 0x0000000096800000, 0x0000000096800000| Complete 
| 361|0x0000000096900000, 0x0000000096a00000, 0x0000000096a00000|100%|HC|  |TAMS 0x0000000096900000, 0x0000000096900000| Complete 
| 362|0x0000000096a00000, 0x0000000096b00000, 0x0000000096b00000|100%|HC|  |TAMS 0x0000000096a00000, 0x0000000096a00000| Complete 
| 363|0x0000000096b00000, 0x0000000096c00000, 0x0000000096c00000|100%|HC|  |TAMS 0x0000000096b00000, 0x0000000096b00000| Complete 
| 364|0x0000000096c00000, 0x0000000096c00000, 0x0000000096d00000|  0%| F|  |TAMS 0x0000000096c00000, 0x0000000096c00000| Untracked 
| 365|0x0000000096d00000, 0x0000000096e00000, 0x0000000096e00000|100%| O|  |TAMS 0x0000000096e00000, 0x0000000096d00000| Untracked 
| 366|0x0000000096e00000, 0x0000000096e00000, 0x0000000096f00000|  0%| F|  |TAMS 0x0000000096e00000, 0x0000000096e00000| Untracked 
| 367|0x0000000096f00000, 0x0000000096f00000, 0x0000000097000000|  0%| F|  |TAMS 0x0000000096f00000, 0x0000000096f00000| Untracked 
| 368|0x0000000097000000, 0x0000000097000000, 0x0000000097100000|  0%| F|  |TAMS 0x0000000097000000, 0x0000000097000000| Untracked 
| 369|0x0000000097100000, 0x0000000097100000, 0x0000000097200000|  0%| F|  |TAMS 0x0000000097100000, 0x0000000097100000| Untracked 
| 370|0x0000000097200000, 0x0000000097200000, 0x0000000097300000|  0%| F|  |TAMS 0x0000000097200000, 0x0000000097200000| Untracked 
| 371|0x0000000097300000, 0x0000000097400000, 0x0000000097400000|100%| O|  |TAMS 0x0000000097400000, 0x0000000097300000| Untracked 
| 372|0x0000000097400000, 0x0000000097400000, 0x0000000097500000|  0%| F|  |TAMS 0x0000000097400000, 0x0000000097400000| Untracked 
| 373|0x0000000097500000, 0x0000000097600000, 0x0000000097600000|100%| O|  |TAMS 0x0000000097600000, 0x0000000097500000| Complete 
| 374|0x0000000097600000, 0x0000000097700000, 0x0000000097700000|100%| O|  |TAMS 0x0000000097700000, 0x0000000097600000| Complete 
| 375|0x0000000097700000, 0x0000000097700000, 0x0000000097800000|  0%| F|  |TAMS 0x0000000097700000, 0x0000000097700000| Untracked 
| 376|0x0000000097800000, 0x0000000097800000, 0x0000000097900000|  0%| F|  |TAMS 0x0000000097800000, 0x0000000097800000| Untracked 
| 377|0x0000000097900000, 0x0000000097900000, 0x0000000097a00000|  0%| F|  |TAMS 0x0000000097900000, 0x0000000097900000| Untracked 
| 378|0x0000000097a00000, 0x0000000097b00000, 0x0000000097b00000|100%| O|  |TAMS 0x0000000097b00000, 0x0000000097a00000| Complete 
| 379|0x0000000097b00000, 0x0000000097b00000, 0x0000000097c00000|  0%| F|  |TAMS 0x0000000097b00000, 0x0000000097b00000| Untracked 
| 380|0x0000000097c00000, 0x0000000097c00000, 0x0000000097d00000|  0%| F|  |TAMS 0x0000000097c00000, 0x0000000097c00000| Untracked 
| 381|0x0000000097d00000, 0x0000000097e00000, 0x0000000097e00000|100%| O|  |TAMS 0x0000000097e00000, 0x0000000097d00000| Untracked 
| 382|0x0000000097e00000, 0x0000000097f00000, 0x0000000097f00000|100%| O|  |TAMS 0x0000000097f00000, 0x0000000097e00000| Untracked 
| 383|0x0000000097f00000, 0x0000000097f00000, 0x0000000098000000|  0%| F|  |TAMS 0x0000000097f00000, 0x0000000097f00000| Untracked 
| 384|0x0000000098000000, 0x0000000098000000, 0x0000000098100000|  0%| F|  |TAMS 0x0000000098000000, 0x0000000098000000| Untracked 
| 385|0x0000000098100000, 0x0000000098200000, 0x0000000098200000|100%|HS|  |TAMS 0x0000000098200000, 0x0000000098100000| Complete 
| 386|0x0000000098200000, 0x0000000098300000, 0x0000000098300000|100%|HC|  |TAMS 0x0000000098300000, 0x0000000098200000| Complete 
| 387|0x0000000098300000, 0x0000000098300000, 0x0000000098400000|  0%| F|  |TAMS 0x0000000098300000, 0x0000000098300000| Untracked 
| 388|0x0000000098400000, 0x0000000098400000, 0x0000000098500000|  0%| F|  |TAMS 0x0000000098400000, 0x0000000098400000| Untracked 
| 389|0x0000000098500000, 0x0000000098500000, 0x0000000098600000|  0%| F|  |TAMS 0x0000000098500000, 0x0000000098500000| Untracked 
| 390|0x0000000098600000, 0x0000000098600000, 0x0000000098700000|  0%| F|  |TAMS 0x0000000098600000, 0x0000000098600000| Untracked 
| 391|0x0000000098700000, 0x0000000098700000, 0x0000000098800000|  0%| F|  |TAMS 0x0000000098700000, 0x0000000098700000| Untracked 
| 392|0x0000000098800000, 0x0000000098800000, 0x0000000098900000|  0%| F|  |TAMS 0x0000000098800000, 0x0000000098800000| Untracked 
| 393|0x0000000098900000, 0x0000000098900000, 0x0000000098a00000|  0%| F|  |TAMS 0x0000000098900000, 0x0000000098900000| Untracked 
| 394|0x0000000098a00000, 0x0000000098a00000, 0x0000000098b00000|  0%| F|  |TAMS 0x0000000098a00000, 0x0000000098a00000| Untracked 
| 395|0x0000000098b00000, 0x0000000098b00000, 0x0000000098c00000|  0%| F|  |TAMS 0x0000000098b00000, 0x0000000098b00000| Untracked 
| 396|0x0000000098c00000, 0x0000000098c00000, 0x0000000098d00000|  0%| F|  |TAMS 0x0000000098c00000, 0x0000000098c00000| Untracked 
| 397|0x0000000098d00000, 0x0000000098d00000, 0x0000000098e00000|  0%| F|  |TAMS 0x0000000098d00000, 0x0000000098d00000| Untracked 
| 398|0x0000000098e00000, 0x0000000098e00000, 0x0000000098f00000|  0%| F|  |TAMS 0x0000000098e00000, 0x0000000098e00000| Untracked 
| 399|0x0000000098f00000, 0x0000000098f00000, 0x0000000099000000|  0%| F|  |TAMS 0x0000000098f00000, 0x0000000098f00000| Untracked 
| 400|0x0000000099000000, 0x0000000099000000, 0x0000000099100000|  0%| F|  |TAMS 0x0000000099000000, 0x0000000099000000| Untracked 
| 401|0x0000000099100000, 0x0000000099100000, 0x0000000099200000|  0%| F|  |TAMS 0x0000000099100000, 0x0000000099100000| Untracked 
| 402|0x0000000099200000, 0x0000000099200000, 0x0000000099300000|  0%| F|  |TAMS 0x0000000099200000, 0x0000000099200000| Untracked 
| 403|0x0000000099300000, 0x0000000099300000, 0x0000000099400000|  0%| F|  |TAMS 0x0000000099300000, 0x0000000099300000| Untracked 
| 404|0x0000000099400000, 0x0000000099400000, 0x0000000099500000|  0%| F|  |TAMS 0x0000000099400000, 0x0000000099400000| Untracked 
| 405|0x0000000099500000, 0x0000000099500000, 0x0000000099600000|  0%| F|  |TAMS 0x0000000099500000, 0x0000000099500000| Untracked 
| 406|0x0000000099600000, 0x0000000099600000, 0x0000000099700000|  0%| F|  |TAMS 0x0000000099600000, 0x0000000099600000| Untracked 
| 407|0x0000000099700000, 0x0000000099700000, 0x0000000099800000|  0%| F|  |TAMS 0x0000000099700000, 0x0000000099700000| Untracked 
| 408|0x0000000099800000, 0x0000000099800000, 0x0000000099900000|  0%| F|  |TAMS 0x0000000099800000, 0x0000000099800000| Untracked 
| 409|0x0000000099900000, 0x0000000099900000, 0x0000000099a00000|  0%| F|  |TAMS 0x0000000099900000, 0x0000000099900000| Untracked 
| 410|0x0000000099a00000, 0x0000000099a00000, 0x0000000099b00000|  0%| F|  |TAMS 0x0000000099a00000, 0x0000000099a00000| Untracked 
| 411|0x0000000099b00000, 0x0000000099b00000, 0x0000000099c00000|  0%| F|  |TAMS 0x0000000099b00000, 0x0000000099b00000| Untracked 
| 412|0x0000000099c00000, 0x0000000099c00000, 0x0000000099d00000|  0%| F|  |TAMS 0x0000000099c00000, 0x0000000099c00000| Untracked 
| 413|0x0000000099d00000, 0x0000000099d00000, 0x0000000099e00000|  0%| F|  |TAMS 0x0000000099d00000, 0x0000000099d00000| Untracked 
| 414|0x0000000099e00000, 0x0000000099e00000, 0x0000000099f00000|  0%| F|  |TAMS 0x0000000099e00000, 0x0000000099e00000| Untracked 
| 415|0x0000000099f00000, 0x0000000099f00000, 0x000000009a000000|  0%| F|  |TAMS 0x0000000099f00000, 0x0000000099f00000| Untracked 
| 416|0x000000009a000000, 0x000000009a000000, 0x000000009a100000|  0%| F|  |TAMS 0x000000009a000000, 0x000000009a000000| Untracked 
| 417|0x000000009a100000, 0x000000009a100000, 0x000000009a200000|  0%| F|  |TAMS 0x000000009a100000, 0x000000009a100000| Untracked 
| 418|0x000000009a200000, 0x000000009a200000, 0x000000009a300000|  0%| F|  |TAMS 0x000000009a200000, 0x000000009a200000| Untracked 
| 419|0x000000009a300000, 0x000000009a300000, 0x000000009a400000|  0%| F|  |TAMS 0x000000009a300000, 0x000000009a300000| Untracked 
| 420|0x000000009a400000, 0x000000009a400000, 0x000000009a500000|  0%| F|  |TAMS 0x000000009a400000, 0x000000009a400000| Untracked 
| 421|0x000000009a500000, 0x000000009a500000, 0x000000009a600000|  0%| F|  |TAMS 0x000000009a500000, 0x000000009a500000| Untracked 
| 422|0x000000009a600000, 0x000000009a600000, 0x000000009a700000|  0%| F|  |TAMS 0x000000009a600000, 0x000000009a600000| Untracked 
| 423|0x000000009a700000, 0x000000009a700000, 0x000000009a800000|  0%| F|  |TAMS 0x000000009a700000, 0x000000009a700000| Untracked 
| 424|0x000000009a800000, 0x000000009a800000, 0x000000009a900000|  0%| F|  |TAMS 0x000000009a800000, 0x000000009a800000| Untracked 
| 425|0x000000009a900000, 0x000000009aa00000, 0x000000009aa00000|100%| O|  |TAMS 0x000000009aa00000, 0x000000009a900000| Untracked 
| 426|0x000000009aa00000, 0x000000009aa00000, 0x000000009ab00000|  0%| F|  |TAMS 0x000000009aa00000, 0x000000009aa00000| Untracked 
| 427|0x000000009ab00000, 0x000000009ab00000, 0x000000009ac00000|  0%| F|  |TAMS 0x000000009ab00000, 0x000000009ab00000| Untracked 
| 428|0x000000009ac00000, 0x000000009ad00000, 0x000000009ad00000|100%| O|  |TAMS 0x000000009ad00000, 0x000000009ac00000| Untracked 
| 429|0x000000009ad00000, 0x000000009ad00000, 0x000000009ae00000|  0%| F|  |TAMS 0x000000009ad00000, 0x000000009ad00000| Untracked 
| 430|0x000000009ae00000, 0x000000009af00000, 0x000000009af00000|100%| O|  |TAMS 0x000000009af00000, 0x000000009ae00000| Untracked 
| 431|0x000000009af00000, 0x000000009b000000, 0x000000009b000000|100%| O|  |TAMS 0x000000009b000000, 0x000000009af00000| Untracked 
| 432|0x000000009b000000, 0x000000009b100000, 0x000000009b100000|100%| O|  |TAMS 0x000000009b100000, 0x000000009b000000| Complete 
| 433|0x000000009b100000, 0x000000009b100000, 0x000000009b200000|  0%| F|  |TAMS 0x000000009b100000, 0x000000009b100000| Untracked 
| 434|0x000000009b200000, 0x000000009b200000, 0x000000009b300000|  0%| F|  |TAMS 0x000000009b200000, 0x000000009b200000| Untracked 
| 435|0x000000009b300000, 0x000000009b300000, 0x000000009b400000|  0%| F|  |TAMS 0x000000009b300000, 0x000000009b300000| Untracked 
| 436|0x000000009b400000, 0x000000009b400000, 0x000000009b500000|  0%| F|  |TAMS 0x000000009b400000, 0x000000009b400000| Untracked 
| 437|0x000000009b500000, 0x000000009b600000, 0x000000009b600000|100%| O|  |TAMS 0x000000009b600000, 0x000000009b500000| Complete 
| 438|0x000000009b600000, 0x000000009b600000, 0x000000009b700000|  0%| F|  |TAMS 0x000000009b600000, 0x000000009b600000| Untracked 
| 439|0x000000009b700000, 0x000000009b700000, 0x000000009b800000|  0%| F|  |TAMS 0x000000009b700000, 0x000000009b700000| Untracked 
| 440|0x000000009b800000, 0x000000009b900000, 0x000000009b900000|100%| O|  |TAMS 0x000000009b900000, 0x000000009b800000| Complete 
| 441|0x000000009b900000, 0x000000009ba00000, 0x000000009ba00000|100%| O|  |TAMS 0x000000009ba00000, 0x000000009b900000| Complete 
| 442|0x000000009ba00000, 0x000000009bb00000, 0x000000009bb00000|100%| O|  |TAMS 0x000000009bb00000, 0x000000009ba00000| Complete 
| 443|0x000000009bb00000, 0x000000009bc00000, 0x000000009bc00000|100%| O|  |TAMS 0x000000009bc00000, 0x000000009bb00000| Complete 
| 444|0x000000009bc00000, 0x000000009bd00000, 0x000000009bd00000|100%| O|  |TAMS 0x000000009bd00000, 0x000000009bc00000| Complete 
| 445|0x000000009bd00000, 0x000000009be00000, 0x000000009be00000|100%| O|  |TAMS 0x000000009be00000, 0x000000009bd00000| Complete 
| 446|0x000000009be00000, 0x000000009be00000, 0x000000009bf00000|  0%| F|  |TAMS 0x000000009be00000, 0x000000009be00000| Untracked 
| 447|0x000000009bf00000, 0x000000009c000000, 0x000000009c000000|100%| O|  |TAMS 0x000000009c000000, 0x000000009bf00000| Complete 
| 448|0x000000009c000000, 0x000000009c100000, 0x000000009c100000|100%| O|  |TAMS 0x000000009c100000, 0x000000009c000000| Complete 
| 449|0x000000009c100000, 0x000000009c100000, 0x000000009c200000|  0%| F|  |TAMS 0x000000009c100000, 0x000000009c100000| Untracked 
| 450|0x000000009c200000, 0x000000009c200000, 0x000000009c300000|  0%| F|  |TAMS 0x000000009c200000, 0x000000009c200000| Untracked 
| 451|0x000000009c300000, 0x000000009c400000, 0x000000009c400000|100%| O|  |TAMS 0x000000009c400000, 0x000000009c300000| Complete 
| 452|0x000000009c400000, 0x000000009c500000, 0x000000009c500000|100%| O|  |TAMS 0x000000009c500000, 0x000000009c400000| Complete 
| 453|0x000000009c500000, 0x000000009c500000, 0x000000009c600000|  0%| F|  |TAMS 0x000000009c500000, 0x000000009c500000| Untracked 
| 454|0x000000009c600000, 0x000000009c600000, 0x000000009c700000|  0%| F|  |TAMS 0x000000009c600000, 0x000000009c600000| Untracked 
| 455|0x000000009c700000, 0x000000009c800000, 0x000000009c800000|100%| O|  |TAMS 0x000000009c800000, 0x000000009c700000| Complete 
| 456|0x000000009c800000, 0x000000009c900000, 0x000000009c900000|100%| O|  |TAMS 0x000000009c900000, 0x000000009c800000| Complete 
| 457|0x000000009c900000, 0x000000009c900000, 0x000000009ca00000|  0%| F|  |TAMS 0x000000009c900000, 0x000000009c900000| Untracked 
| 458|0x000000009ca00000, 0x000000009ca00000, 0x000000009cb00000|  0%| F|  |TAMS 0x000000009ca00000, 0x000000009ca00000| Untracked 
| 459|0x000000009cb00000, 0x000000009cc00000, 0x000000009cc00000|100%| O|  |TAMS 0x000000009cc00000, 0x000000009cb00000| Complete 
| 460|0x000000009cc00000, 0x000000009cd00000, 0x000000009cd00000|100%| O|  |TAMS 0x000000009cd00000, 0x000000009cc00000| Complete 
| 461|0x000000009cd00000, 0x000000009ce00000, 0x000000009ce00000|100%| O|  |TAMS 0x000000009ce00000, 0x000000009cd00000| Complete 
| 462|0x000000009ce00000, 0x000000009ce00000, 0x000000009cf00000|  0%| F|  |TAMS 0x000000009ce00000, 0x000000009ce00000| Untracked 
| 463|0x000000009cf00000, 0x000000009cf00000, 0x000000009d000000|  0%| F|  |TAMS 0x000000009cf00000, 0x000000009cf00000| Untracked 
| 464|0x000000009d000000, 0x000000009d000000, 0x000000009d100000|  0%| F|  |TAMS 0x000000009d000000, 0x000000009d000000| Untracked 
| 465|0x000000009d100000, 0x000000009d100000, 0x000000009d200000|  0%| F|  |TAMS 0x000000009d100000, 0x000000009d100000| Untracked 
| 466|0x000000009d200000, 0x000000009d200000, 0x000000009d300000|  0%| F|  |TAMS 0x000000009d200000, 0x000000009d200000| Untracked 
| 467|0x000000009d300000, 0x000000009d300000, 0x000000009d400000|  0%| F|  |TAMS 0x000000009d300000, 0x000000009d300000| Untracked 
| 468|0x000000009d400000, 0x000000009d400000, 0x000000009d500000|  0%| F|  |TAMS 0x000000009d400000, 0x000000009d400000| Untracked 
| 469|0x000000009d500000, 0x000000009d500000, 0x000000009d600000|  0%| F|  |TAMS 0x000000009d500000, 0x000000009d500000| Untracked 
| 470|0x000000009d600000, 0x000000009d600000, 0x000000009d700000|  0%| F|  |TAMS 0x000000009d600000, 0x000000009d600000| Untracked 
| 471|0x000000009d700000, 0x000000009d800000, 0x000000009d800000|100%|HS|  |TAMS 0x000000009d700000, 0x000000009d700000| Complete 
| 472|0x000000009d800000, 0x000000009d900000, 0x000000009d900000|100%|HC|  |TAMS 0x000000009d800000, 0x000000009d800000| Complete 
| 473|0x000000009d900000, 0x000000009da00000, 0x000000009da00000|100%|HC|  |TAMS 0x000000009d900000, 0x000000009d900000| Complete 
| 474|0x000000009da00000, 0x000000009db00000, 0x000000009db00000|100%|HC|  |TAMS 0x000000009da00000, 0x000000009da00000| Complete 
| 475|0x000000009db00000, 0x000000009dc00000, 0x000000009dc00000|100%|HC|  |TAMS 0x000000009db00000, 0x000000009db00000| Complete 
| 476|0x000000009dc00000, 0x000000009dc00000, 0x000000009dd00000|  0%| F|  |TAMS 0x000000009dc00000, 0x000000009dc00000| Untracked 
| 477|0x000000009dd00000, 0x000000009dd00000, 0x000000009de00000|  0%| F|  |TAMS 0x000000009dd00000, 0x000000009dd00000| Untracked 
| 478|0x000000009de00000, 0x000000009de00000, 0x000000009df00000|  0%| F|  |TAMS 0x000000009de00000, 0x000000009de00000| Untracked 
| 479|0x000000009df00000, 0x000000009df00000, 0x000000009e000000|  0%| F|  |TAMS 0x000000009df00000, 0x000000009df00000| Untracked 
| 480|0x000000009e000000, 0x000000009e000000, 0x000000009e100000|  0%| F|  |TAMS 0x000000009e000000, 0x000000009e000000| Untracked 
| 481|0x000000009e100000, 0x000000009e100000, 0x000000009e200000|  0%| F|  |TAMS 0x000000009e100000, 0x000000009e100000| Untracked 
| 482|0x000000009e200000, 0x000000009e200000, 0x000000009e300000|  0%| F|  |TAMS 0x000000009e200000, 0x000000009e200000| Untracked 
| 483|0x000000009e300000, 0x000000009e300000, 0x000000009e400000|  0%| F|  |TAMS 0x000000009e300000, 0x000000009e300000| Untracked 
| 484|0x000000009e400000, 0x000000009e400000, 0x000000009e500000|  0%| F|  |TAMS 0x000000009e400000, 0x000000009e400000| Untracked 
| 485|0x000000009e500000, 0x000000009e500000, 0x000000009e600000|  0%| F|  |TAMS 0x000000009e500000, 0x000000009e500000| Untracked 
| 486|0x000000009e600000, 0x000000009e600000, 0x000000009e700000|  0%| F|  |TAMS 0x000000009e600000, 0x000000009e600000| Untracked 
| 487|0x000000009e700000, 0x000000009e700000, 0x000000009e800000|  0%| F|  |TAMS 0x000000009e700000, 0x000000009e700000| Untracked 
| 488|0x000000009e800000, 0x000000009e800000, 0x000000009e900000|  0%| F|  |TAMS 0x000000009e800000, 0x000000009e800000| Untracked 
| 489|0x000000009e900000, 0x000000009e91e2d8, 0x000000009ea00000| 11%| E|  |TAMS 0x000000009e900000, 0x000000009e900000| Complete 
| 490|0x000000009ea00000, 0x000000009eb00000, 0x000000009eb00000|100%| E|CS|TAMS 0x000000009ea00000, 0x000000009ea00000| Complete 
| 491|0x000000009eb00000, 0x000000009ec00000, 0x000000009ec00000|100%| E|CS|TAMS 0x000000009eb00000, 0x000000009eb00000| Complete 
| 492|0x000000009ec00000, 0x000000009ed00000, 0x000000009ed00000|100%| O|  |TAMS 0x000000009ed00000, 0x000000009ec00000| Untracked 
| 493|0x000000009ed00000, 0x000000009ee00000, 0x000000009ee00000|100%| O|  |TAMS 0x000000009ee00000, 0x000000009ed00000| Complete 
| 494|0x000000009ee00000, 0x000000009ef00000, 0x000000009ef00000|100%| O|  |TAMS 0x000000009ef00000, 0x000000009ee00000| Complete 
| 495|0x000000009ef00000, 0x000000009f000000, 0x000000009f000000|100%| O|  |TAMS 0x000000009f000000, 0x000000009ef00000| Complete 
| 496|0x000000009f000000, 0x000000009f100000, 0x000000009f100000|100%| E|CS|TAMS 0x000000009f000000, 0x000000009f000000| Complete 
| 497|0x000000009f100000, 0x000000009f200000, 0x000000009f200000|100%| E|CS|TAMS 0x000000009f100000, 0x000000009f100000| Complete 
| 498|0x000000009f200000, 0x000000009f300000, 0x000000009f300000|100%| E|CS|TAMS 0x000000009f200000, 0x000000009f200000| Complete 
| 499|0x000000009f300000, 0x000000009f400000, 0x000000009f400000|100%| E|CS|TAMS 0x000000009f300000, 0x000000009f300000| Complete 
| 500|0x000000009f400000, 0x000000009f500000, 0x000000009f500000|100%| E|CS|TAMS 0x000000009f400000, 0x000000009f400000| Complete 
| 501|0x000000009f500000, 0x000000009f600000, 0x000000009f600000|100%| O|  |TAMS 0x000000009f600000, 0x000000009f500000| Untracked 
| 502|0x000000009f600000, 0x000000009f700000, 0x000000009f700000|100%| O|  |TAMS 0x000000009f700000, 0x000000009f600000| Untracked 
| 503|0x000000009f700000, 0x000000009f800000, 0x000000009f800000|100%| O|  |TAMS 0x000000009f800000, 0x000000009f700000| Untracked 
| 504|0x000000009f800000, 0x000000009f900000, 0x000000009f900000|100%| O|  |TAMS 0x000000009f900000, 0x000000009f800000| Untracked 
| 505|0x000000009f900000, 0x000000009fa00000, 0x000000009fa00000|100%| O|  |TAMS 0x000000009fa00000, 0x000000009f900000| Complete 
| 506|0x000000009fa00000, 0x000000009fb00000, 0x000000009fb00000|100%| O|  |TAMS 0x000000009fb00000, 0x000000009fa00000| Untracked 
| 507|0x000000009fb00000, 0x000000009fc00000, 0x000000009fc00000|100%| O|  |TAMS 0x000000009fc00000, 0x000000009fb00000| Untracked 
| 508|0x000000009fc00000, 0x000000009fd00000, 0x000000009fd00000|100%| O|  |TAMS 0x000000009fd00000, 0x000000009fc00000| Untracked 
| 509|0x000000009fd00000, 0x000000009fe00000, 0x000000009fe00000|100%| O|  |TAMS 0x000000009fe00000, 0x000000009fd00000| Complete 
| 510|0x000000009fe00000, 0x000000009ff00000, 0x000000009ff00000|100%|HS|  |TAMS 0x000000009ff00000, 0x000000009fe00000| Complete 
| 511|0x000000009ff00000, 0x00000000a0000000, 0x00000000a0000000|100%|HC|  |TAMS 0x00000000a0000000, 0x000000009ff00000| Complete 
| 512|0x00000000a0000000, 0x00000000a0100000, 0x00000000a0100000|100%|HC|  |TAMS 0x00000000a0100000, 0x00000000a0000000| Complete 
| 513|0x00000000a0100000, 0x00000000a0200000, 0x00000000a0200000|100%|HC|  |TAMS 0x00000000a0200000, 0x00000000a0100000| Complete 
| 514|0x00000000a0200000, 0x00000000a0300000, 0x00000000a0300000|100%|HC|  |TAMS 0x00000000a0300000, 0x00000000a0200000| Complete 
| 515|0x00000000a0300000, 0x00000000a0400000, 0x00000000a0400000|100%|HC|  |TAMS 0x00000000a0400000, 0x00000000a0300000| Complete 
| 516|0x00000000a0400000, 0x00000000a0500000, 0x00000000a0500000|100%|HC|  |TAMS 0x00000000a0500000, 0x00000000a0400000| Complete 
| 517|0x00000000a0500000, 0x00000000a0600000, 0x00000000a0600000|100%|HC|  |TAMS 0x00000000a0600000, 0x00000000a0500000| Complete 
| 518|0x00000000a0600000, 0x00000000a0700000, 0x00000000a0700000|100%|HC|  |TAMS 0x00000000a0700000, 0x00000000a0600000| Complete 
| 519|0x00000000a0700000, 0x00000000a0800000, 0x00000000a0800000|100%|HC|  |TAMS 0x00000000a0800000, 0x00000000a0700000| Complete 
| 520|0x00000000a0800000, 0x00000000a0900000, 0x00000000a0900000|100%|HC|  |TAMS 0x00000000a0900000, 0x00000000a0800000| Complete 
| 521|0x00000000a0900000, 0x00000000a0a00000, 0x00000000a0a00000|100%|HS|  |TAMS 0x00000000a0900000, 0x00000000a0900000| Complete 
| 522|0x00000000a0a00000, 0x00000000a0b00000, 0x00000000a0b00000|100%|HC|  |TAMS 0x00000000a0a00000, 0x00000000a0a00000| Complete 
| 523|0x00000000a0b00000, 0x00000000a0c00000, 0x00000000a0c00000|100%|HC|  |TAMS 0x00000000a0b00000, 0x00000000a0b00000| Complete 
| 524|0x00000000a0c00000, 0x00000000a0d00000, 0x00000000a0d00000|100%|HC|  |TAMS 0x00000000a0c00000, 0x00000000a0c00000| Complete 
| 525|0x00000000a0d00000, 0x00000000a0e00000, 0x00000000a0e00000|100%|HC|  |TAMS 0x00000000a0d00000, 0x00000000a0d00000| Complete 
| 526|0x00000000a0e00000, 0x00000000a0f00000, 0x00000000a0f00000|100%|HC|  |TAMS 0x00000000a0e00000, 0x00000000a0e00000| Complete 
| 527|0x00000000a0f00000, 0x00000000a1000000, 0x00000000a1000000|100%|HC|  |TAMS 0x00000000a0f00000, 0x00000000a0f00000| Complete 
| 528|0x00000000a1000000, 0x00000000a1100000, 0x00000000a1100000|100%|HC|  |TAMS 0x00000000a1000000, 0x00000000a1000000| Complete 
| 529|0x00000000a1100000, 0x00000000a1200000, 0x00000000a1200000|100%|HC|  |TAMS 0x00000000a1100000, 0x00000000a1100000| Complete 
| 530|0x00000000a1200000, 0x00000000a1300000, 0x00000000a1300000|100%| E|CS|TAMS 0x00000000a1200000, 0x00000000a1200000| Complete 
| 531|0x00000000a1300000, 0x00000000a1400000, 0x00000000a1400000|100%| E|CS|TAMS 0x00000000a1300000, 0x00000000a1300000| Complete 
| 532|0x00000000a1400000, 0x00000000a1500000, 0x00000000a1500000|100%| O|  |TAMS 0x00000000a1500000, 0x00000000a1400000| Untracked 
| 533|0x00000000a1500000, 0x00000000a1600000, 0x00000000a1600000|100%| E|CS|TAMS 0x00000000a1500000, 0x00000000a1500000| Complete 
| 534|0x00000000a1600000, 0x00000000a1700000, 0x00000000a1700000|100%| E|CS|TAMS 0x00000000a1600000, 0x00000000a1600000| Complete 
| 535|0x00000000a1700000, 0x00000000a1800000, 0x00000000a1800000|100%| E|CS|TAMS 0x00000000a1700000, 0x00000000a1700000| Complete 
| 536|0x00000000a1800000, 0x00000000a1900000, 0x00000000a1900000|100%| E|CS|TAMS 0x00000000a1800000, 0x00000000a1800000| Complete 
| 537|0x00000000a1900000, 0x00000000a1a00000, 0x00000000a1a00000|100%| E|CS|TAMS 0x00000000a1900000, 0x00000000a1900000| Complete 
| 538|0x00000000a1a00000, 0x00000000a1b00000, 0x00000000a1b00000|100%| E|CS|TAMS 0x00000000a1a00000, 0x00000000a1a00000| Complete 
| 539|0x00000000a1b00000, 0x00000000a1c00000, 0x00000000a1c00000|100%| E|CS|TAMS 0x00000000a1b00000, 0x00000000a1b00000| Complete 
| 540|0x00000000a1c00000, 0x00000000a1d00000, 0x00000000a1d00000|100%| O|  |TAMS 0x00000000a1d00000, 0x00000000a1c00000| Complete 
| 541|0x00000000a1d00000, 0x00000000a1e00000, 0x00000000a1e00000|100%| O|  |TAMS 0x00000000a1e00000, 0x00000000a1d00000| Complete 
| 542|0x00000000a1e00000, 0x00000000a1f00000, 0x00000000a1f00000|100%| E|CS|TAMS 0x00000000a1e00000, 0x00000000a1e00000| Complete 
| 543|0x00000000a1f00000, 0x00000000a2000000, 0x00000000a2000000|100%| E|CS|TAMS 0x00000000a1f00000, 0x00000000a1f00000| Complete 
| 544|0x00000000a2000000, 0x00000000a2100000, 0x00000000a2100000|100%| O|  |TAMS 0x00000000a2100000, 0x00000000a2000000| Complete 
| 545|0x00000000a2100000, 0x00000000a2200000, 0x00000000a2200000|100%| E|CS|TAMS 0x00000000a2100000, 0x00000000a2100000| Complete 
| 546|0x00000000a2200000, 0x00000000a2300000, 0x00000000a2300000|100%|HS|  |TAMS 0x00000000a2200000, 0x00000000a2200000| Complete 
| 547|0x00000000a2300000, 0x00000000a2400000, 0x00000000a2400000|100%|HC|  |TAMS 0x00000000a2300000, 0x00000000a2300000| Complete 
| 548|0x00000000a2400000, 0x00000000a2500000, 0x00000000a2500000|100%|HC|  |TAMS 0x00000000a2400000, 0x00000000a2400000| Complete 
| 549|0x00000000a2500000, 0x00000000a2600000, 0x00000000a2600000|100%|HC|  |TAMS 0x00000000a2500000, 0x00000000a2500000| Complete 
| 550|0x00000000a2600000, 0x00000000a2700000, 0x00000000a2700000|100%|HC|  |TAMS 0x00000000a2600000, 0x00000000a2600000| Complete 
| 551|0x00000000a2700000, 0x00000000a2800000, 0x00000000a2800000|100%|HC|  |TAMS 0x00000000a2700000, 0x00000000a2700000| Complete 
| 552|0x00000000a2800000, 0x00000000a2900000, 0x00000000a2900000|100%|HC|  |TAMS 0x00000000a2800000, 0x00000000a2800000| Complete 
| 553|0x00000000a2900000, 0x00000000a2a00000, 0x00000000a2a00000|100%|HC|  |TAMS 0x00000000a2900000, 0x00000000a2900000| Complete 
| 554|0x00000000a2a00000, 0x00000000a2b00000, 0x00000000a2b00000|100%|HC|  |TAMS 0x00000000a2a00000, 0x00000000a2a00000| Complete 
| 555|0x00000000a2b00000, 0x00000000a2c00000, 0x00000000a2c00000|100%|HC|  |TAMS 0x00000000a2b00000, 0x00000000a2b00000| Complete 
| 556|0x00000000a2c00000, 0x00000000a2d00000, 0x00000000a2d00000|100%|HC|  |TAMS 0x00000000a2c00000, 0x00000000a2c00000| Complete 
| 557|0x00000000a2d00000, 0x00000000a2e00000, 0x00000000a2e00000|100%|HS|  |TAMS 0x00000000a2d00000, 0x00000000a2d00000| Complete 
| 558|0x00000000a2e00000, 0x00000000a2f00000, 0x00000000a2f00000|100%|HC|  |TAMS 0x00000000a2e00000, 0x00000000a2e00000| Complete 
| 559|0x00000000a2f00000, 0x00000000a3000000, 0x00000000a3000000|100%|HC|  |TAMS 0x00000000a2f00000, 0x00000000a2f00000| Complete 
| 560|0x00000000a3000000, 0x00000000a3100000, 0x00000000a3100000|100%|HC|  |TAMS 0x00000000a3000000, 0x00000000a3000000| Complete 
| 561|0x00000000a3100000, 0x00000000a3200000, 0x00000000a3200000|100%|HC|  |TAMS 0x00000000a3100000, 0x00000000a3100000| Complete 
| 562|0x00000000a3200000, 0x00000000a3300000, 0x00000000a3300000|100%|HC|  |TAMS 0x00000000a3200000, 0x00000000a3200000| Complete 
| 563|0x00000000a3300000, 0x00000000a3400000, 0x00000000a3400000|100%|HC|  |TAMS 0x00000000a3300000, 0x00000000a3300000| Complete 
| 564|0x00000000a3400000, 0x00000000a3500000, 0x00000000a3500000|100%|HC|  |TAMS 0x00000000a3400000, 0x00000000a3400000| Complete 
| 565|0x00000000a3500000, 0x00000000a3600000, 0x00000000a3600000|100%|HC|  |TAMS 0x00000000a3500000, 0x00000000a3500000| Complete 
| 566|0x00000000a3600000, 0x00000000a3700000, 0x00000000a3700000|100%| E|CS|TAMS 0x00000000a3600000, 0x00000000a3600000| Complete 
| 567|0x00000000a3700000, 0x00000000a3800000, 0x00000000a3800000|100%| E|CS|TAMS 0x00000000a3700000, 0x00000000a3700000| Complete 
| 568|0x00000000a3800000, 0x00000000a3900000, 0x00000000a3900000|100%| E|CS|TAMS 0x00000000a3800000, 0x00000000a3800000| Complete 
| 569|0x00000000a3900000, 0x00000000a3a00000, 0x00000000a3a00000|100%| E|CS|TAMS 0x00000000a3900000, 0x00000000a3900000| Complete 
| 570|0x00000000a3a00000, 0x00000000a3b00000, 0x00000000a3b00000|100%| E|CS|TAMS 0x00000000a3a00000, 0x00000000a3a00000| Complete 
| 571|0x00000000a3b00000, 0x00000000a3c00000, 0x00000000a3c00000|100%| E|CS|TAMS 0x00000000a3b00000, 0x00000000a3b00000| Complete 
| 572|0x00000000a3c00000, 0x00000000a3d00000, 0x00000000a3d00000|100%| E|CS|TAMS 0x00000000a3c00000, 0x00000000a3c00000| Complete 
| 573|0x00000000a3d00000, 0x00000000a3e00000, 0x00000000a3e00000|100%|HS|  |TAMS 0x00000000a3d00000, 0x00000000a3d00000| Complete 
| 574|0x00000000a3e00000, 0x00000000a3f00000, 0x00000000a3f00000|100%|HC|  |TAMS 0x00000000a3e00000, 0x00000000a3e00000| Complete 
| 575|0x00000000a3f00000, 0x00000000a4000000, 0x00000000a4000000|100%|HC|  |TAMS 0x00000000a3f00000, 0x00000000a3f00000| Complete 
| 576|0x00000000a4000000, 0x00000000a4100000, 0x00000000a4100000|100%|HC|  |TAMS 0x00000000a4000000, 0x00000000a4000000| Complete 
| 577|0x00000000a4100000, 0x00000000a4200000, 0x00000000a4200000|100%|HC|  |TAMS 0x00000000a4100000, 0x00000000a4100000| Complete 
| 578|0x00000000a4200000, 0x00000000a4300000, 0x00000000a4300000|100%|HC|  |TAMS 0x00000000a4200000, 0x00000000a4200000| Complete 
| 579|0x00000000a4300000, 0x00000000a4400000, 0x00000000a4400000|100%|HC|  |TAMS 0x00000000a4300000, 0x00000000a4300000| Complete 
| 580|0x00000000a4400000, 0x00000000a4500000, 0x00000000a4500000|100%|HC|  |TAMS 0x00000000a4400000, 0x00000000a4400000| Complete 
| 581|0x00000000a4500000, 0x00000000a4600000, 0x00000000a4600000|100%|HC|  |TAMS 0x00000000a4500000, 0x00000000a4500000| Complete 
| 582|0x00000000a4600000, 0x00000000a4700000, 0x00000000a4700000|100%| E|CS|TAMS 0x00000000a4600000, 0x00000000a4600000| Complete 
| 583|0x00000000a4700000, 0x00000000a4800000, 0x00000000a4800000|100%| E|CS|TAMS 0x00000000a4700000, 0x00000000a4700000| Complete 
| 584|0x00000000a4800000, 0x00000000a4900000, 0x00000000a4900000|100%| E|CS|TAMS 0x00000000a4800000, 0x00000000a4800000| Complete 
| 585|0x00000000a4900000, 0x00000000a4a00000, 0x00000000a4a00000|100%| E|CS|TAMS 0x00000000a4900000, 0x00000000a4900000| Complete 
| 586|0x00000000a4a00000, 0x00000000a4b00000, 0x00000000a4b00000|100%| E|CS|TAMS 0x00000000a4a00000, 0x00000000a4a00000| Complete 
| 587|0x00000000a4b00000, 0x00000000a4c00000, 0x00000000a4c00000|100%| E|CS|TAMS 0x00000000a4b00000, 0x00000000a4b00000| Complete 
| 588|0x00000000a4c00000, 0x00000000a4d00000, 0x00000000a4d00000|100%| E|CS|TAMS 0x00000000a4c00000, 0x00000000a4c00000| Complete 
| 589|0x00000000a4d00000, 0x00000000a4e00000, 0x00000000a4e00000|100%| E|CS|TAMS 0x00000000a4d00000, 0x00000000a4d00000| Complete 
| 590|0x00000000a4e00000, 0x00000000a4f00000, 0x00000000a4f00000|100%| E|CS|TAMS 0x00000000a4e00000, 0x00000000a4e00000| Complete 
| 591|0x00000000a4f00000, 0x00000000a5000000, 0x00000000a5000000|100%| E|CS|TAMS 0x00000000a4f00000, 0x00000000a4f00000| Complete 
| 592|0x00000000a5000000, 0x00000000a5100000, 0x00000000a5100000|100%| E|CS|TAMS 0x00000000a5000000, 0x00000000a5000000| Complete 
| 593|0x00000000a5100000, 0x00000000a5200000, 0x00000000a5200000|100%| E|CS|TAMS 0x00000000a5100000, 0x00000000a5100000| Complete 
| 594|0x00000000a5200000, 0x00000000a5300000, 0x00000000a5300000|100%| E|CS|TAMS 0x00000000a5200000, 0x00000000a5200000| Complete 
| 595|0x00000000a5300000, 0x00000000a5400000, 0x00000000a5400000|100%| E|CS|TAMS 0x00000000a5300000, 0x00000000a5300000| Complete 
| 596|0x00000000a5400000, 0x00000000a5500000, 0x00000000a5500000|100%| E|CS|TAMS 0x00000000a5400000, 0x00000000a5400000| Complete 
| 597|0x00000000a5500000, 0x00000000a5600000, 0x00000000a5600000|100%| E|CS|TAMS 0x00000000a5500000, 0x00000000a5500000| Complete 
| 598|0x00000000a5600000, 0x00000000a5700000, 0x00000000a5700000|100%| E|CS|TAMS 0x00000000a5600000, 0x00000000a5600000| Complete 
| 599|0x00000000a5700000, 0x00000000a5800000, 0x00000000a5800000|100%| O|  |TAMS 0x00000000a5800000, 0x00000000a5700000| Complete 
| 600|0x00000000a5800000, 0x00000000a5900000, 0x00000000a5900000|100%| E|CS|TAMS 0x00000000a5800000, 0x00000000a5800000| Complete 
| 601|0x00000000a5900000, 0x00000000a5a00000, 0x00000000a5a00000|100%| E|CS|TAMS 0x00000000a5900000, 0x00000000a5900000| Complete 
| 602|0x00000000a5a00000, 0x00000000a5b00000, 0x00000000a5b00000|100%| E|CS|TAMS 0x00000000a5a00000, 0x00000000a5a00000| Complete 
| 603|0x00000000a5b00000, 0x00000000a5c00000, 0x00000000a5c00000|100%| E|CS|TAMS 0x00000000a5b00000, 0x00000000a5b00000| Complete 
| 604|0x00000000a5c00000, 0x00000000a5d00000, 0x00000000a5d00000|100%| E|CS|TAMS 0x00000000a5c00000, 0x00000000a5c00000| Complete 
| 605|0x00000000a5d00000, 0x00000000a5e00000, 0x00000000a5e00000|100%| E|CS|TAMS 0x00000000a5d00000, 0x00000000a5d00000| Complete 
| 606|0x00000000a5e00000, 0x00000000a5f00000, 0x00000000a5f00000|100%| E|CS|TAMS 0x00000000a5e00000, 0x00000000a5e00000| Complete 
| 607|0x00000000a5f00000, 0x00000000a6000000, 0x00000000a6000000|100%| O|  |TAMS 0x00000000a6000000, 0x00000000a5f00000| Complete 
| 608|0x00000000a6000000, 0x00000000a6100000, 0x00000000a6100000|100%| E|CS|TAMS 0x00000000a6000000, 0x00000000a6000000| Complete 
| 609|0x00000000a6100000, 0x00000000a6200000, 0x00000000a6200000|100%| O|  |TAMS 0x00000000a6200000, 0x00000000a6100000| Complete 
| 610|0x00000000a6200000, 0x00000000a6300000, 0x00000000a6300000|100%| E|CS|TAMS 0x00000000a6200000, 0x00000000a6200000| Complete 
| 611|0x00000000a6300000, 0x00000000a6400000, 0x00000000a6400000|100%| E|CS|TAMS 0x00000000a6300000, 0x00000000a6300000| Complete 
| 612|0x00000000a6400000, 0x00000000a6500000, 0x00000000a6500000|100%| E|CS|TAMS 0x00000000a6400000, 0x00000000a6400000| Complete 
| 613|0x00000000a6500000, 0x00000000a6600000, 0x00000000a6600000|100%| E|CS|TAMS 0x00000000a6500000, 0x00000000a6500000| Complete 
| 614|0x00000000a6600000, 0x00000000a6700000, 0x00000000a6700000|100%| E|CS|TAMS 0x00000000a6600000, 0x00000000a6600000| Complete 
| 615|0x00000000a6700000, 0x00000000a6800000, 0x00000000a6800000|100%| E|CS|TAMS 0x00000000a6700000, 0x00000000a6700000| Complete 
| 616|0x00000000a6800000, 0x00000000a6900000, 0x00000000a6900000|100%| E|CS|TAMS 0x00000000a6800000, 0x00000000a6800000| Complete 
| 617|0x00000000a6900000, 0x00000000a6a00000, 0x00000000a6a00000|100%| E|  |TAMS 0x00000000a6900000, 0x00000000a6900000| Complete 
| 618|0x00000000a6a00000, 0x00000000a6b00000, 0x00000000a6b00000|100%| E|CS|TAMS 0x00000000a6a00000, 0x00000000a6a00000| Complete 
| 619|0x00000000a6b00000, 0x00000000a6c00000, 0x00000000a6c00000|100%| E|CS|TAMS 0x00000000a6b00000, 0x00000000a6b00000| Complete 
| 620|0x00000000a6c00000, 0x00000000a6d00000, 0x00000000a6d00000|100%| E|CS|TAMS 0x00000000a6c00000, 0x00000000a6c00000| Complete 
| 621|0x00000000a6d00000, 0x00000000a6e00000, 0x00000000a6e00000|100%| O|  |TAMS 0x00000000a6e00000, 0x00000000a6d00000| Complete 
| 622|0x00000000a6e00000, 0x00000000a6f00000, 0x00000000a6f00000|100%| E|CS|TAMS 0x00000000a6e00000, 0x00000000a6e00000| Complete 
| 623|0x00000000a6f00000, 0x00000000a7000000, 0x00000000a7000000|100%| O|  |TAMS 0x00000000a7000000, 0x00000000a6f00000| Untracked 
| 624|0x00000000a7000000, 0x00000000a7100000, 0x00000000a7100000|100%| E|CS|TAMS 0x00000000a7000000, 0x00000000a7000000| Complete 
| 625|0x00000000a7100000, 0x00000000a7200000, 0x00000000a7200000|100%| E|CS|TAMS 0x00000000a7100000, 0x00000000a7100000| Complete 
| 626|0x00000000a7200000, 0x00000000a7300000, 0x00000000a7300000|100%| E|CS|TAMS 0x00000000a7200000, 0x00000000a7200000| Complete 
| 627|0x00000000a7300000, 0x00000000a7400000, 0x00000000a7400000|100%| E|CS|TAMS 0x00000000a7300000, 0x00000000a7300000| Complete 
| 628|0x00000000a7400000, 0x00000000a7500000, 0x00000000a7500000|100%| E|CS|TAMS 0x00000000a7400000, 0x00000000a7400000| Complete 
| 629|0x00000000a7500000, 0x00000000a7600000, 0x00000000a7600000|100%| O|  |TAMS 0x00000000a7600000, 0x00000000a7500000| Complete 
| 630|0x00000000a7600000, 0x00000000a7700000, 0x00000000a7700000|100%| O|  |TAMS 0x00000000a7700000, 0x00000000a7600000| Complete 
| 631|0x00000000a7700000, 0x00000000a7800000, 0x00000000a7800000|100%| E|CS|TAMS 0x00000000a7700000, 0x00000000a7700000| Complete 
| 632|0x00000000a7800000, 0x00000000a7900000, 0x00000000a7900000|100%| E|CS|TAMS 0x00000000a7800000, 0x00000000a7800000| Complete 
| 633|0x00000000a7900000, 0x00000000a7a00000, 0x00000000a7a00000|100%| E|CS|TAMS 0x00000000a7900000, 0x00000000a7900000| Complete 
| 634|0x00000000a7a00000, 0x00000000a7b00000, 0x00000000a7b00000|100%| E|CS|TAMS 0x00000000a7a00000, 0x00000000a7a00000| Complete 
| 635|0x00000000a7b00000, 0x00000000a7c00000, 0x00000000a7c00000|100%| E|CS|TAMS 0x00000000a7b00000, 0x00000000a7b00000| Complete 
| 636|0x00000000a7c00000, 0x00000000a7d00000, 0x00000000a7d00000|100%| E|CS|TAMS 0x00000000a7c00000, 0x00000000a7c00000| Complete 
| 637|0x00000000a7d00000, 0x00000000a7e00000, 0x00000000a7e00000|100%| E|CS|TAMS 0x00000000a7d00000, 0x00000000a7d00000| Complete 
| 638|0x00000000a7e00000, 0x00000000a7f00000, 0x00000000a7f00000|100%| E|CS|TAMS 0x00000000a7e00000, 0x00000000a7e00000| Complete 
| 639|0x00000000a7f00000, 0x00000000a8000000, 0x00000000a8000000|100%| E|CS|TAMS 0x00000000a7f00000, 0x00000000a7f00000| Complete 
| 640|0x00000000a8000000, 0x00000000a8100000, 0x00000000a8100000|100%| O|  |TAMS 0x00000000a8100000, 0x00000000a8000000| Complete 
| 641|0x00000000a8100000, 0x00000000a8200000, 0x00000000a8200000|100%| E|CS|TAMS 0x00000000a8100000, 0x00000000a8100000| Complete 
| 642|0x00000000a8200000, 0x00000000a8300000, 0x00000000a8300000|100%| E|CS|TAMS 0x00000000a8200000, 0x00000000a8200000| Complete 
| 643|0x00000000a8300000, 0x00000000a8400000, 0x00000000a8400000|100%| E|CS|TAMS 0x00000000a8300000, 0x00000000a8300000| Complete 
| 644|0x00000000a8400000, 0x00000000a8500000, 0x00000000a8500000|100%| E|CS|TAMS 0x00000000a8400000, 0x00000000a8400000| Complete 
| 645|0x00000000a8500000, 0x00000000a8600000, 0x00000000a8600000|100%| E|CS|TAMS 0x00000000a8500000, 0x00000000a8500000| Complete 
| 646|0x00000000a8600000, 0x00000000a8700000, 0x00000000a8700000|100%| E|CS|TAMS 0x00000000a8600000, 0x00000000a8600000| Complete 
| 647|0x00000000a8700000, 0x00000000a8800000, 0x00000000a8800000|100%| E|CS|TAMS 0x00000000a8700000, 0x00000000a8700000| Complete 
| 648|0x00000000a8800000, 0x00000000a8900000, 0x00000000a8900000|100%| O|  |TAMS 0x00000000a8900000, 0x00000000a8800000| Complete 
| 649|0x00000000a8900000, 0x00000000a8a00000, 0x00000000a8a00000|100%| O|  |TAMS 0x00000000a8a00000, 0x00000000a8900000| Complete 
| 650|0x00000000a8a00000, 0x00000000a8b00000, 0x00000000a8b00000|100%| E|CS|TAMS 0x00000000a8a00000, 0x00000000a8a00000| Complete 
| 651|0x00000000a8b00000, 0x00000000a8c00000, 0x00000000a8c00000|100%| E|CS|TAMS 0x00000000a8b00000, 0x00000000a8b00000| Complete 
| 652|0x00000000a8c00000, 0x00000000a8d00000, 0x00000000a8d00000|100%| E|CS|TAMS 0x00000000a8c00000, 0x00000000a8c00000| Complete 
| 653|0x00000000a8d00000, 0x00000000a8e00000, 0x00000000a8e00000|100%| E|CS|TAMS 0x00000000a8d00000, 0x00000000a8d00000| Complete 
| 654|0x00000000a8e00000, 0x00000000a8f00000, 0x00000000a8f00000|100%| E|CS|TAMS 0x00000000a8e00000, 0x00000000a8e00000| Complete 
| 655|0x00000000a8f00000, 0x00000000a9000000, 0x00000000a9000000|100%| E|CS|TAMS 0x00000000a8f00000, 0x00000000a8f00000| Complete 
| 656|0x00000000a9000000, 0x00000000a9100000, 0x00000000a9100000|100%| E|CS|TAMS 0x00000000a9000000, 0x00000000a9000000| Complete 
| 657|0x00000000a9100000, 0x00000000a9200000, 0x00000000a9200000|100%| E|CS|TAMS 0x00000000a9100000, 0x00000000a9100000| Complete 
| 658|0x00000000a9200000, 0x00000000a9300000, 0x00000000a9300000|100%| E|CS|TAMS 0x00000000a9200000, 0x00000000a9200000| Complete 
| 659|0x00000000a9300000, 0x00000000a9400000, 0x00000000a9400000|100%| E|CS|TAMS 0x00000000a9300000, 0x00000000a9300000| Complete 
| 660|0x00000000a9400000, 0x00000000a9500000, 0x00000000a9500000|100%| O|  |TAMS 0x00000000a9500000, 0x00000000a9400000| Untracked 
| 661|0x00000000a9500000, 0x00000000a9600000, 0x00000000a9600000|100%| E|CS|TAMS 0x00000000a9500000, 0x00000000a9500000| Complete 
| 662|0x00000000a9600000, 0x00000000a9700000, 0x00000000a9700000|100%| E|CS|TAMS 0x00000000a9600000, 0x00000000a9600000| Complete 
| 663|0x00000000a9700000, 0x00000000a9800000, 0x00000000a9800000|100%| E|CS|TAMS 0x00000000a9700000, 0x00000000a9700000| Complete 
| 664|0x00000000a9800000, 0x00000000a9900000, 0x00000000a9900000|100%| E|CS|TAMS 0x00000000a9800000, 0x00000000a9800000| Complete 
| 665|0x00000000a9900000, 0x00000000a9a00000, 0x00000000a9a00000|100%| E|CS|TAMS 0x00000000a9900000, 0x00000000a9900000| Complete 
| 666|0x00000000a9a00000, 0x00000000a9b00000, 0x00000000a9b00000|100%| E|CS|TAMS 0x00000000a9a00000, 0x00000000a9a00000| Complete 
| 667|0x00000000a9b00000, 0x00000000a9c00000, 0x00000000a9c00000|100%| O|  |TAMS 0x00000000a9c00000, 0x00000000a9b00000| Complete 
| 668|0x00000000a9c00000, 0x00000000a9d00000, 0x00000000a9d00000|100%| E|CS|TAMS 0x00000000a9c00000, 0x00000000a9c00000| Complete 
| 669|0x00000000a9d00000, 0x00000000a9e00000, 0x00000000a9e00000|100%| E|CS|TAMS 0x00000000a9d00000, 0x00000000a9d00000| Complete 
| 670|0x00000000a9e00000, 0x00000000a9f00000, 0x00000000a9f00000|100%| E|CS|TAMS 0x00000000a9e00000, 0x00000000a9e00000| Complete 
| 671|0x00000000a9f00000, 0x00000000aa000000, 0x00000000aa000000|100%| E|CS|TAMS 0x00000000a9f00000, 0x00000000a9f00000| Complete 
| 672|0x00000000aa000000, 0x00000000aa100000, 0x00000000aa100000|100%| E|CS|TAMS 0x00000000aa000000, 0x00000000aa000000| Complete 
| 673|0x00000000aa100000, 0x00000000aa200000, 0x00000000aa200000|100%| E|CS|TAMS 0x00000000aa100000, 0x00000000aa100000| Complete 
| 674|0x00000000aa200000, 0x00000000aa300000, 0x00000000aa300000|100%| E|CS|TAMS 0x00000000aa200000, 0x00000000aa200000| Complete 
| 675|0x00000000aa300000, 0x00000000aa400000, 0x00000000aa400000|100%| E|CS|TAMS 0x00000000aa300000, 0x00000000aa300000| Complete 
| 676|0x00000000aa400000, 0x00000000aa500000, 0x00000000aa500000|100%| E|CS|TAMS 0x00000000aa400000, 0x00000000aa400000| Complete 
| 677|0x00000000aa500000, 0x00000000aa600000, 0x00000000aa600000|100%| E|CS|TAMS 0x00000000aa500000, 0x00000000aa500000| Complete 
| 678|0x00000000aa600000, 0x00000000aa700000, 0x00000000aa700000|100%| E|CS|TAMS 0x00000000aa600000, 0x00000000aa600000| Complete 
| 679|0x00000000aa700000, 0x00000000aa800000, 0x00000000aa800000|100%| E|CS|TAMS 0x00000000aa700000, 0x00000000aa700000| Complete 
| 680|0x00000000aa800000, 0x00000000aa900000, 0x00000000aa900000|100%| O|  |TAMS 0x00000000aa900000, 0x00000000aa800000| Complete 
| 681|0x00000000aa900000, 0x00000000aaa00000, 0x00000000aaa00000|100%| E|CS|TAMS 0x00000000aa900000, 0x00000000aa900000| Complete 
| 682|0x00000000aaa00000, 0x00000000aab00000, 0x00000000aab00000|100%| E|CS|TAMS 0x00000000aaa00000, 0x00000000aaa00000| Complete 
| 683|0x00000000aab00000, 0x00000000aac00000, 0x00000000aac00000|100%| E|CS|TAMS 0x00000000aab00000, 0x00000000aab00000| Complete 
| 684|0x00000000aac00000, 0x00000000aad00000, 0x00000000aad00000|100%| E|CS|TAMS 0x00000000aac00000, 0x00000000aac00000| Complete 
| 685|0x00000000aad00000, 0x00000000aae00000, 0x00000000aae00000|100%| E|CS|TAMS 0x00000000aad00000, 0x00000000aad00000| Complete 
| 686|0x00000000aae00000, 0x00000000aaf00000, 0x00000000aaf00000|100%| O|  |TAMS 0x00000000aaf00000, 0x00000000aae00000| Complete 
| 687|0x00000000aaf00000, 0x00000000ab000000, 0x00000000ab000000|100%| O|  |TAMS 0x00000000ab000000, 0x00000000aaf00000| Complete 
| 688|0x00000000ab000000, 0x00000000ab100000, 0x00000000ab100000|100%| E|CS|TAMS 0x00000000ab000000, 0x00000000ab000000| Complete 
| 689|0x00000000ab100000, 0x00000000ab200000, 0x00000000ab200000|100%| O|  |TAMS 0x00000000ab200000, 0x00000000ab100000| Complete 
| 690|0x00000000ab200000, 0x00000000ab300000, 0x00000000ab300000|100%| E|CS|TAMS 0x00000000ab200000, 0x00000000ab200000| Complete 
| 691|0x00000000ab300000, 0x00000000ab400000, 0x00000000ab400000|100%| E|CS|TAMS 0x00000000ab300000, 0x00000000ab300000| Complete 
| 692|0x00000000ab400000, 0x00000000ab500000, 0x00000000ab500000|100%| E|CS|TAMS 0x00000000ab400000, 0x00000000ab400000| Complete 
| 693|0x00000000ab500000, 0x00000000ab600000, 0x00000000ab600000|100%| E|CS|TAMS 0x00000000ab500000, 0x00000000ab500000| Complete 
| 694|0x00000000ab600000, 0x00000000ab700000, 0x00000000ab700000|100%| E|CS|TAMS 0x00000000ab600000, 0x00000000ab600000| Complete 
| 695|0x00000000ab700000, 0x00000000ab800000, 0x00000000ab800000|100%| E|CS|TAMS 0x00000000ab700000, 0x00000000ab700000| Complete 
| 696|0x00000000ab800000, 0x00000000ab900000, 0x00000000ab900000|100%| E|CS|TAMS 0x00000000ab800000, 0x00000000ab800000| Complete 
| 697|0x00000000ab900000, 0x00000000aba00000, 0x00000000aba00000|100%| E|CS|TAMS 0x00000000ab900000, 0x00000000ab900000| Complete 
| 698|0x00000000aba00000, 0x00000000abb00000, 0x00000000abb00000|100%| E|CS|TAMS 0x00000000aba00000, 0x00000000aba00000| Complete 
| 699|0x00000000abb00000, 0x00000000abc00000, 0x00000000abc00000|100%| E|CS|TAMS 0x00000000abb00000, 0x00000000abb00000| Complete 
| 700|0x00000000abc00000, 0x00000000abd00000, 0x00000000abd00000|100%| O|  |TAMS 0x00000000abd00000, 0x00000000abc00000| Untracked 
| 701|0x00000000abd00000, 0x00000000abe00000, 0x00000000abe00000|100%| E|CS|TAMS 0x00000000abd00000, 0x00000000abd00000| Complete 
| 702|0x00000000abe00000, 0x00000000abf00000, 0x00000000abf00000|100%| E|CS|TAMS 0x00000000abe00000, 0x00000000abe00000| Complete 
| 703|0x00000000abf00000, 0x00000000ac000000, 0x00000000ac000000|100%| E|CS|TAMS 0x00000000abf00000, 0x00000000abf00000| Complete 
| 704|0x00000000ac000000, 0x00000000ac100000, 0x00000000ac100000|100%| E|CS|TAMS 0x00000000ac000000, 0x00000000ac000000| Complete 
| 705|0x00000000ac100000, 0x00000000ac200000, 0x00000000ac200000|100%| E|CS|TAMS 0x00000000ac100000, 0x00000000ac100000| Complete 
| 706|0x00000000ac200000, 0x00000000ac300000, 0x00000000ac300000|100%| E|CS|TAMS 0x00000000ac200000, 0x00000000ac200000| Complete 
| 707|0x00000000ac300000, 0x00000000ac400000, 0x00000000ac400000|100%| E|CS|TAMS 0x00000000ac300000, 0x00000000ac300000| Complete 
| 708|0x00000000ac400000, 0x00000000ac500000, 0x00000000ac500000|100%| E|CS|TAMS 0x00000000ac400000, 0x00000000ac400000| Complete 
| 709|0x00000000ac500000, 0x00000000ac600000, 0x00000000ac600000|100%| E|CS|TAMS 0x00000000ac500000, 0x00000000ac500000| Complete 
| 710|0x00000000ac600000, 0x00000000ac700000, 0x00000000ac700000|100%| E|CS|TAMS 0x00000000ac600000, 0x00000000ac600000| Complete 
| 711|0x00000000ac700000, 0x00000000ac800000, 0x00000000ac800000|100%| E|CS|TAMS 0x00000000ac700000, 0x00000000ac700000| Complete 
| 712|0x00000000ac800000, 0x00000000ac900000, 0x00000000ac900000|100%| E|CS|TAMS 0x00000000ac800000, 0x00000000ac800000| Complete 
| 713|0x00000000ac900000, 0x00000000aca00000, 0x00000000aca00000|100%| E|CS|TAMS 0x00000000ac900000, 0x00000000ac900000| Complete 
| 714|0x00000000aca00000, 0x00000000acb00000, 0x00000000acb00000|100%| E|CS|TAMS 0x00000000aca00000, 0x00000000aca00000| Complete 
| 715|0x00000000acb00000, 0x00000000acc00000, 0x00000000acc00000|100%| E|CS|TAMS 0x00000000acb00000, 0x00000000acb00000| Complete 
| 716|0x00000000acc00000, 0x00000000acd00000, 0x00000000acd00000|100%| E|CS|TAMS 0x00000000acc00000, 0x00000000acc00000| Complete 
| 717|0x00000000acd00000, 0x00000000ace00000, 0x00000000ace00000|100%| E|CS|TAMS 0x00000000acd00000, 0x00000000acd00000| Complete 
| 718|0x00000000ace00000, 0x00000000acf00000, 0x00000000acf00000|100%| E|CS|TAMS 0x00000000ace00000, 0x00000000ace00000| Complete 
| 719|0x00000000acf00000, 0x00000000ad000000, 0x00000000ad000000|100%| E|CS|TAMS 0x00000000acf00000, 0x00000000acf00000| Complete 
| 720|0x00000000ad000000, 0x00000000ad100000, 0x00000000ad100000|100%| E|CS|TAMS 0x00000000ad000000, 0x00000000ad000000| Complete 
| 721|0x00000000ad100000, 0x00000000ad200000, 0x00000000ad200000|100%| E|CS|TAMS 0x00000000ad100000, 0x00000000ad100000| Complete 
| 722|0x00000000ad200000, 0x00000000ad300000, 0x00000000ad300000|100%| E|CS|TAMS 0x00000000ad200000, 0x00000000ad200000| Complete 
| 723|0x00000000ad300000, 0x00000000ad400000, 0x00000000ad400000|100%| E|CS|TAMS 0x00000000ad300000, 0x00000000ad300000| Complete 
| 724|0x00000000ad400000, 0x00000000ad500000, 0x00000000ad500000|100%| E|CS|TAMS 0x00000000ad400000, 0x00000000ad400000| Complete 
| 725|0x00000000ad500000, 0x00000000ad600000, 0x00000000ad600000|100%| E|CS|TAMS 0x00000000ad500000, 0x00000000ad500000| Complete 
| 726|0x00000000ad600000, 0x00000000ad700000, 0x00000000ad700000|100%| E|CS|TAMS 0x00000000ad600000, 0x00000000ad600000| Complete 
| 727|0x00000000ad700000, 0x00000000ad800000, 0x00000000ad800000|100%| E|CS|TAMS 0x00000000ad700000, 0x00000000ad700000| Complete 
| 728|0x00000000ad800000, 0x00000000ad900000, 0x00000000ad900000|100%| E|CS|TAMS 0x00000000ad800000, 0x00000000ad800000| Complete 
| 729|0x00000000ad900000, 0x00000000ada00000, 0x00000000ada00000|100%| E|CS|TAMS 0x00000000ad900000, 0x00000000ad900000| Complete 
| 730|0x00000000ada00000, 0x00000000adb00000, 0x00000000adb00000|100%| E|CS|TAMS 0x00000000ada00000, 0x00000000ada00000| Complete 
| 731|0x00000000adb00000, 0x00000000adc00000, 0x00000000adc00000|100%| E|CS|TAMS 0x00000000adb00000, 0x00000000adb00000| Complete 
| 732|0x00000000adc00000, 0x00000000add00000, 0x00000000add00000|100%| E|CS|TAMS 0x00000000adc00000, 0x00000000adc00000| Complete 
| 733|0x00000000add00000, 0x00000000ade00000, 0x00000000ade00000|100%| E|CS|TAMS 0x00000000add00000, 0x00000000add00000| Complete 
| 734|0x00000000ade00000, 0x00000000adf00000, 0x00000000adf00000|100%| E|CS|TAMS 0x00000000ade00000, 0x00000000ade00000| Complete 
| 735|0x00000000adf00000, 0x00000000ae000000, 0x00000000ae000000|100%| E|CS|TAMS 0x00000000adf00000, 0x00000000adf00000| Complete 
| 736|0x00000000ae000000, 0x00000000ae100000, 0x00000000ae100000|100%| E|CS|TAMS 0x00000000ae000000, 0x00000000ae000000| Complete 
| 737|0x00000000ae100000, 0x00000000ae200000, 0x00000000ae200000|100%| E|CS|TAMS 0x00000000ae100000, 0x00000000ae100000| Complete 
| 738|0x00000000ae200000, 0x00000000ae300000, 0x00000000ae300000|100%| E|CS|TAMS 0x00000000ae200000, 0x00000000ae200000| Complete 
| 739|0x00000000ae300000, 0x00000000ae400000, 0x00000000ae400000|100%| E|CS|TAMS 0x00000000ae300000, 0x00000000ae300000| Complete 
| 740|0x00000000ae400000, 0x00000000ae500000, 0x00000000ae500000|100%| E|CS|TAMS 0x00000000ae400000, 0x00000000ae400000| Complete 
| 741|0x00000000ae500000, 0x00000000ae600000, 0x00000000ae600000|100%| E|CS|TAMS 0x00000000ae500000, 0x00000000ae500000| Complete 
| 742|0x00000000ae600000, 0x00000000ae700000, 0x00000000ae700000|100%| E|CS|TAMS 0x00000000ae600000, 0x00000000ae600000| Complete 
| 743|0x00000000ae700000, 0x00000000ae800000, 0x00000000ae800000|100%| E|CS|TAMS 0x00000000ae700000, 0x00000000ae700000| Complete 
| 744|0x00000000ae800000, 0x00000000ae900000, 0x00000000ae900000|100%| E|CS|TAMS 0x00000000ae800000, 0x00000000ae800000| Complete 
| 745|0x00000000ae900000, 0x00000000aea00000, 0x00000000aea00000|100%| E|CS|TAMS 0x00000000ae900000, 0x00000000ae900000| Complete 
| 746|0x00000000aea00000, 0x00000000aeb00000, 0x00000000aeb00000|100%| E|CS|TAMS 0x00000000aea00000, 0x00000000aea00000| Complete 
| 747|0x00000000aeb00000, 0x00000000aec00000, 0x00000000aec00000|100%| E|CS|TAMS 0x00000000aeb00000, 0x00000000aeb00000| Complete 
| 748|0x00000000aec00000, 0x00000000aed00000, 0x00000000aed00000|100%| E|CS|TAMS 0x00000000aec00000, 0x00000000aec00000| Complete 
| 749|0x00000000aed00000, 0x00000000aee00000, 0x00000000aee00000|100%| E|CS|TAMS 0x00000000aed00000, 0x00000000aed00000| Complete 
| 750|0x00000000aee00000, 0x00000000aef00000, 0x00000000aef00000|100%| E|CS|TAMS 0x00000000aee00000, 0x00000000aee00000| Complete 
| 751|0x00000000aef00000, 0x00000000af000000, 0x00000000af000000|100%| E|CS|TAMS 0x00000000aef00000, 0x00000000aef00000| Complete 
| 752|0x00000000af000000, 0x00000000af100000, 0x00000000af100000|100%| E|CS|TAMS 0x00000000af000000, 0x00000000af000000| Complete 
| 753|0x00000000af100000, 0x00000000af200000, 0x00000000af200000|100%| E|CS|TAMS 0x00000000af100000, 0x00000000af100000| Complete 
| 754|0x00000000af200000, 0x00000000af300000, 0x00000000af300000|100%| E|CS|TAMS 0x00000000af200000, 0x00000000af200000| Complete 
| 755|0x00000000af300000, 0x00000000af400000, 0x00000000af400000|100%| E|CS|TAMS 0x00000000af300000, 0x00000000af300000| Complete 
| 756|0x00000000af400000, 0x00000000af500000, 0x00000000af500000|100%| E|CS|TAMS 0x00000000af400000, 0x00000000af400000| Complete 
| 757|0x00000000af500000, 0x00000000af600000, 0x00000000af600000|100%| E|CS|TAMS 0x00000000af500000, 0x00000000af500000| Complete 
| 758|0x00000000af600000, 0x00000000af700000, 0x00000000af700000|100%| E|CS|TAMS 0x00000000af600000, 0x00000000af600000| Complete 
| 759|0x00000000af700000, 0x00000000af800000, 0x00000000af800000|100%| E|CS|TAMS 0x00000000af700000, 0x00000000af700000| Complete 
| 760|0x00000000af800000, 0x00000000af900000, 0x00000000af900000|100%| E|CS|TAMS 0x00000000af800000, 0x00000000af800000| Complete 
| 761|0x00000000af900000, 0x00000000afa00000, 0x00000000afa00000|100%| E|CS|TAMS 0x00000000af900000, 0x00000000af900000| Complete 
| 762|0x00000000afa00000, 0x00000000afb00000, 0x00000000afb00000|100%| E|CS|TAMS 0x00000000afa00000, 0x00000000afa00000| Complete 
| 763|0x00000000afb00000, 0x00000000afc00000, 0x00000000afc00000|100%| E|CS|TAMS 0x00000000afb00000, 0x00000000afb00000| Complete 
| 764|0x00000000afc00000, 0x00000000afd00000, 0x00000000afd00000|100%| E|CS|TAMS 0x00000000afc00000, 0x00000000afc00000| Complete 
| 765|0x00000000afd00000, 0x00000000afe00000, 0x00000000afe00000|100%| E|CS|TAMS 0x00000000afd00000, 0x00000000afd00000| Complete 
| 766|0x00000000afe00000, 0x00000000aff00000, 0x00000000aff00000|100%| E|CS|TAMS 0x00000000afe00000, 0x00000000afe00000| Complete 
| 767|0x00000000aff00000, 0x00000000b0000000, 0x00000000b0000000|100%| E|CS|TAMS 0x00000000aff00000, 0x00000000aff00000| Complete 
| 768|0x00000000b0000000, 0x00000000b0100000, 0x00000000b0100000|100%| E|CS|TAMS 0x00000000b0000000, 0x00000000b0000000| Complete 
| 769|0x00000000b0100000, 0x00000000b0200000, 0x00000000b0200000|100%| E|CS|TAMS 0x00000000b0100000, 0x00000000b0100000| Complete 
| 770|0x00000000b0200000, 0x00000000b0300000, 0x00000000b0300000|100%| E|CS|TAMS 0x00000000b0200000, 0x00000000b0200000| Complete 
| 771|0x00000000b0300000, 0x00000000b0400000, 0x00000000b0400000|100%| E|CS|TAMS 0x00000000b0300000, 0x00000000b0300000| Complete 
| 772|0x00000000b0400000, 0x00000000b0500000, 0x00000000b0500000|100%| E|CS|TAMS 0x00000000b0400000, 0x00000000b0400000| Complete 
| 773|0x00000000b0500000, 0x00000000b0600000, 0x00000000b0600000|100%| E|CS|TAMS 0x00000000b0500000, 0x00000000b0500000| Complete 
| 774|0x00000000b0600000, 0x00000000b0700000, 0x00000000b0700000|100%| E|CS|TAMS 0x00000000b0600000, 0x00000000b0600000| Complete 
| 775|0x00000000b0700000, 0x00000000b07ffff8, 0x00000000b0800000| 99%| E|CS|TAMS 0x00000000b0700000, 0x00000000b0700000| Complete 
| 776|0x00000000b0800000, 0x00000000b0900000, 0x00000000b0900000|100%| E|CS|TAMS 0x00000000b0800000, 0x00000000b0800000| Complete 
| 777|0x00000000b0900000, 0x00000000b0a00000, 0x00000000b0a00000|100%| E|CS|TAMS 0x00000000b0900000, 0x00000000b0900000| Complete 
| 778|0x00000000b0a00000, 0x00000000b0b00000, 0x00000000b0b00000|100%| E|CS|TAMS 0x00000000b0a00000, 0x00000000b0a00000| Complete 
| 779|0x00000000b0b00000, 0x00000000b0c00000, 0x00000000b0c00000|100%| E|CS|TAMS 0x00000000b0b00000, 0x00000000b0b00000| Complete 
| 780|0x00000000b0c00000, 0x00000000b0d00000, 0x00000000b0d00000|100%| E|CS|TAMS 0x00000000b0c00000, 0x00000000b0c00000| Complete 
| 781|0x00000000b0d00000, 0x00000000b0e00000, 0x00000000b0e00000|100%| E|CS|TAMS 0x00000000b0d00000, 0x00000000b0d00000| Complete 
| 782|0x00000000b0e00000, 0x00000000b0f00000, 0x00000000b0f00000|100%| E|CS|TAMS 0x00000000b0e00000, 0x00000000b0e00000| Complete 
| 783|0x00000000b0f00000, 0x00000000b1000000, 0x00000000b1000000|100%| E|CS|TAMS 0x00000000b0f00000, 0x00000000b0f00000| Complete 
| 784|0x00000000b1000000, 0x00000000b1100000, 0x00000000b1100000|100%| E|CS|TAMS 0x00000000b1000000, 0x00000000b1000000| Complete 
| 785|0x00000000b1100000, 0x00000000b1200000, 0x00000000b1200000|100%| E|CS|TAMS 0x00000000b1100000, 0x00000000b1100000| Complete 
| 786|0x00000000b1200000, 0x00000000b1300000, 0x00000000b1300000|100%| E|CS|TAMS 0x00000000b1200000, 0x00000000b1200000| Complete 
| 787|0x00000000b1300000, 0x00000000b1400000, 0x00000000b1400000|100%| E|CS|TAMS 0x00000000b1300000, 0x00000000b1300000| Complete 
| 788|0x00000000b1400000, 0x00000000b1500000, 0x00000000b1500000|100%| E|CS|TAMS 0x00000000b1400000, 0x00000000b1400000| Complete 
| 789|0x00000000b1500000, 0x00000000b1600000, 0x00000000b1600000|100%| E|CS|TAMS 0x00000000b1500000, 0x00000000b1500000| Complete 
| 790|0x00000000b1600000, 0x00000000b1700000, 0x00000000b1700000|100%| E|CS|TAMS 0x00000000b1600000, 0x00000000b1600000| Complete 
| 791|0x00000000b1700000, 0x00000000b1800000, 0x00000000b1800000|100%| E|CS|TAMS 0x00000000b1700000, 0x00000000b1700000| Complete 
| 792|0x00000000b1800000, 0x00000000b1900000, 0x00000000b1900000|100%| E|CS|TAMS 0x00000000b1800000, 0x00000000b1800000| Complete 
| 793|0x00000000b1900000, 0x00000000b1a00000, 0x00000000b1a00000|100%| E|CS|TAMS 0x00000000b1900000, 0x00000000b1900000| Complete 
| 794|0x00000000b1a00000, 0x00000000b1b00000, 0x00000000b1b00000|100%| E|CS|TAMS 0x00000000b1a00000, 0x00000000b1a00000| Complete 
| 795|0x00000000b1b00000, 0x00000000b1c00000, 0x00000000b1c00000|100%| E|CS|TAMS 0x00000000b1b00000, 0x00000000b1b00000| Complete 
| 796|0x00000000b1c00000, 0x00000000b1d00000, 0x00000000b1d00000|100%| E|CS|TAMS 0x00000000b1c00000, 0x00000000b1c00000| Complete 
| 797|0x00000000b1d00000, 0x00000000b1e00000, 0x00000000b1e00000|100%| E|CS|TAMS 0x00000000b1d00000, 0x00000000b1d00000| Complete 
| 798|0x00000000b1e00000, 0x00000000b1f00000, 0x00000000b1f00000|100%| E|CS|TAMS 0x00000000b1e00000, 0x00000000b1e00000| Complete 
| 799|0x00000000b1f00000, 0x00000000b2000000, 0x00000000b2000000|100%| E|CS|TAMS 0x00000000b1f00000, 0x00000000b1f00000| Complete 
| 800|0x00000000b2000000, 0x00000000b2100000, 0x00000000b2100000|100%| E|CS|TAMS 0x00000000b2000000, 0x00000000b2000000| Complete 
| 801|0x00000000b2100000, 0x00000000b2200000, 0x00000000b2200000|100%| E|CS|TAMS 0x00000000b2100000, 0x00000000b2100000| Complete 
| 802|0x00000000b2200000, 0x00000000b2300000, 0x00000000b2300000|100%| E|CS|TAMS 0x00000000b2200000, 0x00000000b2200000| Complete 
| 803|0x00000000b2300000, 0x00000000b2400000, 0x00000000b2400000|100%| E|CS|TAMS 0x00000000b2300000, 0x00000000b2300000| Complete 
| 804|0x00000000b2400000, 0x00000000b2500000, 0x00000000b2500000|100%| E|CS|TAMS 0x00000000b2400000, 0x00000000b2400000| Complete 
| 805|0x00000000b2500000, 0x00000000b2600000, 0x00000000b2600000|100%| E|CS|TAMS 0x00000000b2500000, 0x00000000b2500000| Complete 
| 806|0x00000000b2600000, 0x00000000b2700000, 0x00000000b2700000|100%| E|CS|TAMS 0x00000000b2600000, 0x00000000b2600000| Complete 
| 807|0x00000000b2700000, 0x00000000b2800000, 0x00000000b2800000|100%| E|CS|TAMS 0x00000000b2700000, 0x00000000b2700000| Complete 
| 808|0x00000000b2800000, 0x00000000b2900000, 0x00000000b2900000|100%| E|CS|TAMS 0x00000000b2800000, 0x00000000b2800000| Complete 
| 809|0x00000000b2900000, 0x00000000b2a00000, 0x00000000b2a00000|100%| E|CS|TAMS 0x00000000b2900000, 0x00000000b2900000| Complete 
| 810|0x00000000b2a00000, 0x00000000b2b00000, 0x00000000b2b00000|100%| E|CS|TAMS 0x00000000b2a00000, 0x00000000b2a00000| Complete 
| 811|0x00000000b2b00000, 0x00000000b2c00000, 0x00000000b2c00000|100%| E|CS|TAMS 0x00000000b2b00000, 0x00000000b2b00000| Complete 
| 812|0x00000000b2c00000, 0x00000000b2d00000, 0x00000000b2d00000|100%| E|CS|TAMS 0x00000000b2c00000, 0x00000000b2c00000| Complete 
| 813|0x00000000b2d00000, 0x00000000b2e00000, 0x00000000b2e00000|100%| E|CS|TAMS 0x00000000b2d00000, 0x00000000b2d00000| Complete 
| 814|0x00000000b2e00000, 0x00000000b2f00000, 0x00000000b2f00000|100%| E|CS|TAMS 0x00000000b2e00000, 0x00000000b2e00000| Complete 
| 815|0x00000000b2f00000, 0x00000000b2fffff8, 0x00000000b3000000| 99%| E|CS|TAMS 0x00000000b2f00000, 0x00000000b2f00000| Complete 
| 816|0x00000000b3000000, 0x00000000b3100000, 0x00000000b3100000|100%| E|CS|TAMS 0x00000000b3000000, 0x00000000b3000000| Complete 
| 817|0x00000000b3100000, 0x00000000b3200000, 0x00000000b3200000|100%| E|CS|TAMS 0x00000000b3100000, 0x00000000b3100000| Complete 
| 818|0x00000000b3200000, 0x00000000b3300000, 0x00000000b3300000|100%| E|CS|TAMS 0x00000000b3200000, 0x00000000b3200000| Complete 
| 819|0x00000000b3300000, 0x00000000b3400000, 0x00000000b3400000|100%| E|CS|TAMS 0x00000000b3300000, 0x00000000b3300000| Complete 
| 820|0x00000000b3400000, 0x00000000b3500000, 0x00000000b3500000|100%| E|CS|TAMS 0x00000000b3400000, 0x00000000b3400000| Complete 
| 821|0x00000000b3500000, 0x00000000b3600000, 0x00000000b3600000|100%| E|CS|TAMS 0x00000000b3500000, 0x00000000b3500000| Complete 
| 822|0x00000000b3600000, 0x00000000b3700000, 0x00000000b3700000|100%| E|CS|TAMS 0x00000000b3600000, 0x00000000b3600000| Complete 
| 823|0x00000000b3700000, 0x00000000b3800000, 0x00000000b3800000|100%| E|CS|TAMS 0x00000000b3700000, 0x00000000b3700000| Complete 
| 824|0x00000000b3800000, 0x00000000b3900000, 0x00000000b3900000|100%| E|CS|TAMS 0x00000000b3800000, 0x00000000b3800000| Complete 
| 825|0x00000000b3900000, 0x00000000b3a00000, 0x00000000b3a00000|100%| E|CS|TAMS 0x00000000b3900000, 0x00000000b3900000| Complete 
| 826|0x00000000b3a00000, 0x00000000b3affff8, 0x00000000b3b00000| 99%| E|CS|TAMS 0x00000000b3a00000, 0x00000000b3a00000| Complete 
| 827|0x00000000b3b00000, 0x00000000b3c00000, 0x00000000b3c00000|100%| E|CS|TAMS 0x00000000b3b00000, 0x00000000b3b00000| Complete 
| 828|0x00000000b3c00000, 0x00000000b3d00000, 0x00000000b3d00000|100%| E|CS|TAMS 0x00000000b3c00000, 0x00000000b3c00000| Complete 
| 829|0x00000000b3d00000, 0x00000000b3e00000, 0x00000000b3e00000|100%| E|CS|TAMS 0x00000000b3d00000, 0x00000000b3d00000| Complete 
| 830|0x00000000b3e00000, 0x00000000b3f00000, 0x00000000b3f00000|100%| E|CS|TAMS 0x00000000b3e00000, 0x00000000b3e00000| Complete 
| 831|0x00000000b3f00000, 0x00000000b4000000, 0x00000000b4000000|100%| E|CS|TAMS 0x00000000b3f00000, 0x00000000b3f00000| Complete 
| 832|0x00000000b4000000, 0x00000000b4100000, 0x00000000b4100000|100%| E|CS|TAMS 0x00000000b4000000, 0x00000000b4000000| Complete 
| 833|0x00000000b4100000, 0x00000000b4200000, 0x00000000b4200000|100%| E|CS|TAMS 0x00000000b4100000, 0x00000000b4100000| Complete 
| 834|0x00000000b4200000, 0x00000000b4300000, 0x00000000b4300000|100%| E|CS|TAMS 0x00000000b4200000, 0x00000000b4200000| Complete 
| 835|0x00000000b4300000, 0x00000000b4400000, 0x00000000b4400000|100%| E|CS|TAMS 0x00000000b4300000, 0x00000000b4300000| Complete 
| 836|0x00000000b4400000, 0x00000000b4500000, 0x00000000b4500000|100%| E|CS|TAMS 0x00000000b4400000, 0x00000000b4400000| Complete 
| 837|0x00000000b4500000, 0x00000000b4600000, 0x00000000b4600000|100%| E|CS|TAMS 0x00000000b4500000, 0x00000000b4500000| Complete 
| 838|0x00000000b4600000, 0x00000000b4700000, 0x00000000b4700000|100%| E|CS|TAMS 0x00000000b4600000, 0x00000000b4600000| Complete 
| 839|0x00000000b4700000, 0x00000000b4800000, 0x00000000b4800000|100%| E|CS|TAMS 0x00000000b4700000, 0x00000000b4700000| Complete 
| 840|0x00000000b4800000, 0x00000000b4900000, 0x00000000b4900000|100%| E|CS|TAMS 0x00000000b4800000, 0x00000000b4800000| Complete 
| 841|0x00000000b4900000, 0x00000000b4a00000, 0x00000000b4a00000|100%| E|CS|TAMS 0x00000000b4900000, 0x00000000b4900000| Complete 
| 842|0x00000000b4a00000, 0x00000000b4b00000, 0x00000000b4b00000|100%| E|CS|TAMS 0x00000000b4a00000, 0x00000000b4a00000| Complete 
| 843|0x00000000b4b00000, 0x00000000b4c00000, 0x00000000b4c00000|100%| E|CS|TAMS 0x00000000b4b00000, 0x00000000b4b00000| Complete 
| 844|0x00000000b4c00000, 0x00000000b4d00000, 0x00000000b4d00000|100%| E|CS|TAMS 0x00000000b4c00000, 0x00000000b4c00000| Complete 
| 845|0x00000000b4d00000, 0x00000000b4e00000, 0x00000000b4e00000|100%| E|CS|TAMS 0x00000000b4d00000, 0x00000000b4d00000| Complete 
| 846|0x00000000b4e00000, 0x00000000b4f00000, 0x00000000b4f00000|100%| E|CS|TAMS 0x00000000b4e00000, 0x00000000b4e00000| Complete 
| 847|0x00000000b4f00000, 0x00000000b5000000, 0x00000000b5000000|100%| E|CS|TAMS 0x00000000b4f00000, 0x00000000b4f00000| Complete 
| 848|0x00000000b5000000, 0x00000000b5100000, 0x00000000b5100000|100%| E|CS|TAMS 0x00000000b5000000, 0x00000000b5000000| Complete 
| 849|0x00000000b5100000, 0x00000000b5200000, 0x00000000b5200000|100%| E|CS|TAMS 0x00000000b5100000, 0x00000000b5100000| Complete 
| 850|0x00000000b5200000, 0x00000000b5300000, 0x00000000b5300000|100%| E|CS|TAMS 0x00000000b5200000, 0x00000000b5200000| Complete 
| 851|0x00000000b5300000, 0x00000000b5400000, 0x00000000b5400000|100%| E|CS|TAMS 0x00000000b5300000, 0x00000000b5300000| Complete 
| 852|0x00000000b5400000, 0x00000000b5500000, 0x00000000b5500000|100%| E|CS|TAMS 0x00000000b5400000, 0x00000000b5400000| Complete 
| 853|0x00000000b5500000, 0x00000000b5600000, 0x00000000b5600000|100%| E|CS|TAMS 0x00000000b5500000, 0x00000000b5500000| Complete 
| 854|0x00000000b5600000, 0x00000000b5700000, 0x00000000b5700000|100%| E|CS|TAMS 0x00000000b5600000, 0x00000000b5600000| Complete 
| 855|0x00000000b5700000, 0x00000000b5800000, 0x00000000b5800000|100%| E|CS|TAMS 0x00000000b5700000, 0x00000000b5700000| Complete 
| 856|0x00000000b5800000, 0x00000000b5900000, 0x00000000b5900000|100%| E|CS|TAMS 0x00000000b5800000, 0x00000000b5800000| Complete 
| 857|0x00000000b5900000, 0x00000000b5a00000, 0x00000000b5a00000|100%| E|CS|TAMS 0x00000000b5900000, 0x00000000b5900000| Complete 
| 858|0x00000000b5a00000, 0x00000000b5b00000, 0x00000000b5b00000|100%| E|CS|TAMS 0x00000000b5a00000, 0x00000000b5a00000| Complete 
| 859|0x00000000b5b00000, 0x00000000b5c00000, 0x00000000b5c00000|100%| E|CS|TAMS 0x00000000b5b00000, 0x00000000b5b00000| Complete 
| 860|0x00000000b5c00000, 0x00000000b5d00000, 0x00000000b5d00000|100%| E|CS|TAMS 0x00000000b5c00000, 0x00000000b5c00000| Complete 
| 861|0x00000000b5d00000, 0x00000000b5e00000, 0x00000000b5e00000|100%| E|CS|TAMS 0x00000000b5d00000, 0x00000000b5d00000| Complete 
| 862|0x00000000b5e00000, 0x00000000b5f00000, 0x00000000b5f00000|100%| E|CS|TAMS 0x00000000b5e00000, 0x00000000b5e00000| Complete 
| 863|0x00000000b5f00000, 0x00000000b6000000, 0x00000000b6000000|100%| E|CS|TAMS 0x00000000b5f00000, 0x00000000b5f00000| Complete 
| 864|0x00000000b6000000, 0x00000000b6100000, 0x00000000b6100000|100%| E|CS|TAMS 0x00000000b6000000, 0x00000000b6000000| Complete 
| 865|0x00000000b6100000, 0x00000000b6200000, 0x00000000b6200000|100%| E|CS|TAMS 0x00000000b6100000, 0x00000000b6100000| Complete 
| 866|0x00000000b6200000, 0x00000000b6300000, 0x00000000b6300000|100%| E|CS|TAMS 0x00000000b6200000, 0x00000000b6200000| Complete 
| 867|0x00000000b6300000, 0x00000000b6400000, 0x00000000b6400000|100%| E|CS|TAMS 0x00000000b6300000, 0x00000000b6300000| Complete 
| 868|0x00000000b6400000, 0x00000000b6500000, 0x00000000b6500000|100%| E|CS|TAMS 0x00000000b6400000, 0x00000000b6400000| Complete 
| 869|0x00000000b6500000, 0x00000000b6600000, 0x00000000b6600000|100%| E|CS|TAMS 0x00000000b6500000, 0x00000000b6500000| Complete 
| 870|0x00000000b6600000, 0x00000000b6700000, 0x00000000b6700000|100%| E|CS|TAMS 0x00000000b6600000, 0x00000000b6600000| Complete 
| 871|0x00000000b6700000, 0x00000000b6800000, 0x00000000b6800000|100%| E|CS|TAMS 0x00000000b6700000, 0x00000000b6700000| Complete 
| 872|0x00000000b6800000, 0x00000000b6900000, 0x00000000b6900000|100%| E|CS|TAMS 0x00000000b6800000, 0x00000000b6800000| Complete 
| 873|0x00000000b6900000, 0x00000000b6a00000, 0x00000000b6a00000|100%| E|CS|TAMS 0x00000000b6900000, 0x00000000b6900000| Complete 
| 874|0x00000000b6a00000, 0x00000000b6b00000, 0x00000000b6b00000|100%| E|CS|TAMS 0x00000000b6a00000, 0x00000000b6a00000| Complete 
| 875|0x00000000b6b00000, 0x00000000b6c00000, 0x00000000b6c00000|100%| E|CS|TAMS 0x00000000b6b00000, 0x00000000b6b00000| Complete 
| 876|0x00000000b6c00000, 0x00000000b6d00000, 0x00000000b6d00000|100%| E|CS|TAMS 0x00000000b6c00000, 0x00000000b6c00000| Complete 
| 877|0x00000000b6d00000, 0x00000000b6e00000, 0x00000000b6e00000|100%| E|CS|TAMS 0x00000000b6d00000, 0x00000000b6d00000| Complete 
| 878|0x00000000b6e00000, 0x00000000b6f00000, 0x00000000b6f00000|100%| E|CS|TAMS 0x00000000b6e00000, 0x00000000b6e00000| Complete 
| 879|0x00000000b6f00000, 0x00000000b7000000, 0x00000000b7000000|100%| E|CS|TAMS 0x00000000b6f00000, 0x00000000b6f00000| Complete 
| 880|0x00000000b7000000, 0x00000000b7100000, 0x00000000b7100000|100%| E|CS|TAMS 0x00000000b7000000, 0x00000000b7000000| Complete 
| 881|0x00000000b7100000, 0x00000000b7200000, 0x00000000b7200000|100%| E|CS|TAMS 0x00000000b7100000, 0x00000000b7100000| Complete 
| 882|0x00000000b7200000, 0x00000000b7300000, 0x00000000b7300000|100%| E|CS|TAMS 0x00000000b7200000, 0x00000000b7200000| Complete 
| 883|0x00000000b7300000, 0x00000000b7400000, 0x00000000b7400000|100%| E|CS|TAMS 0x00000000b7300000, 0x00000000b7300000| Complete 
| 884|0x00000000b7400000, 0x00000000b7500000, 0x00000000b7500000|100%| E|CS|TAMS 0x00000000b7400000, 0x00000000b7400000| Complete 
| 885|0x00000000b7500000, 0x00000000b7600000, 0x00000000b7600000|100%| E|CS|TAMS 0x00000000b7500000, 0x00000000b7500000| Complete 
| 886|0x00000000b7600000, 0x00000000b7700000, 0x00000000b7700000|100%| E|CS|TAMS 0x00000000b7600000, 0x00000000b7600000| Complete 
| 887|0x00000000b7700000, 0x00000000b7800000, 0x00000000b7800000|100%| E|CS|TAMS 0x00000000b7700000, 0x00000000b7700000| Complete 
| 888|0x00000000b7800000, 0x00000000b7900000, 0x00000000b7900000|100%| E|CS|TAMS 0x00000000b7800000, 0x00000000b7800000| Complete 
| 889|0x00000000b7900000, 0x00000000b7a00000, 0x00000000b7a00000|100%| E|CS|TAMS 0x00000000b7900000, 0x00000000b7900000| Complete 
| 890|0x00000000b7a00000, 0x00000000b7b00000, 0x00000000b7b00000|100%| E|CS|TAMS 0x00000000b7a00000, 0x00000000b7a00000| Complete 
| 891|0x00000000b7b00000, 0x00000000b7c00000, 0x00000000b7c00000|100%| E|CS|TAMS 0x00000000b7b00000, 0x00000000b7b00000| Complete 
| 892|0x00000000b7c00000, 0x00000000b7d00000, 0x00000000b7d00000|100%| E|CS|TAMS 0x00000000b7c00000, 0x00000000b7c00000| Complete 
| 893|0x00000000b7d00000, 0x00000000b7e00000, 0x00000000b7e00000|100%| E|CS|TAMS 0x00000000b7d00000, 0x00000000b7d00000| Complete 
| 894|0x00000000b7e00000, 0x00000000b7f00000, 0x00000000b7f00000|100%| E|CS|TAMS 0x00000000b7e00000, 0x00000000b7e00000| Complete 
| 895|0x00000000b7f00000, 0x00000000b8000000, 0x00000000b8000000|100%| E|CS|TAMS 0x00000000b7f00000, 0x00000000b7f00000| Complete 
| 896|0x00000000b8000000, 0x00000000b8100000, 0x00000000b8100000|100%| E|CS|TAMS 0x00000000b8000000, 0x00000000b8000000| Complete 
| 897|0x00000000b8100000, 0x00000000b8200000, 0x00000000b8200000|100%| E|CS|TAMS 0x00000000b8100000, 0x00000000b8100000| Complete 
| 898|0x00000000b8200000, 0x00000000b8300000, 0x00000000b8300000|100%| E|CS|TAMS 0x00000000b8200000, 0x00000000b8200000| Complete 
| 899|0x00000000b8300000, 0x00000000b8400000, 0x00000000b8400000|100%| E|CS|TAMS 0x00000000b8300000, 0x00000000b8300000| Complete 
| 900|0x00000000b8400000, 0x00000000b8500000, 0x00000000b8500000|100%| E|CS|TAMS 0x00000000b8400000, 0x00000000b8400000| Complete 
| 901|0x00000000b8500000, 0x00000000b8600000, 0x00000000b8600000|100%| E|CS|TAMS 0x00000000b8500000, 0x00000000b8500000| Complete 
| 902|0x00000000b8600000, 0x00000000b8700000, 0x00000000b8700000|100%| E|CS|TAMS 0x00000000b8600000, 0x00000000b8600000| Complete 
| 903|0x00000000b8700000, 0x00000000b8800000, 0x00000000b8800000|100%| E|CS|TAMS 0x00000000b8700000, 0x00000000b8700000| Complete 
| 904|0x00000000b8800000, 0x00000000b8900000, 0x00000000b8900000|100%| E|CS|TAMS 0x00000000b8800000, 0x00000000b8800000| Complete 
| 905|0x00000000b8900000, 0x00000000b8a00000, 0x00000000b8a00000|100%| E|CS|TAMS 0x00000000b8900000, 0x00000000b8900000| Complete 
| 906|0x00000000b8a00000, 0x00000000b8affff8, 0x00000000b8b00000| 99%| E|CS|TAMS 0x00000000b8a00000, 0x00000000b8a00000| Complete 
| 907|0x00000000b8b00000, 0x00000000b8c00000, 0x00000000b8c00000|100%| E|CS|TAMS 0x00000000b8b00000, 0x00000000b8b00000| Complete 
| 908|0x00000000b8c00000, 0x00000000b8d00000, 0x00000000b8d00000|100%| E|CS|TAMS 0x00000000b8c00000, 0x00000000b8c00000| Complete 
| 909|0x00000000b8d00000, 0x00000000b8e00000, 0x00000000b8e00000|100%| E|CS|TAMS 0x00000000b8d00000, 0x00000000b8d00000| Complete 
| 910|0x00000000b8e00000, 0x00000000b8f00000, 0x00000000b8f00000|100%| E|CS|TAMS 0x00000000b8e00000, 0x00000000b8e00000| Complete 
| 911|0x00000000b8f00000, 0x00000000b9000000, 0x00000000b9000000|100%| E|CS|TAMS 0x00000000b8f00000, 0x00000000b8f00000| Complete 
| 912|0x00000000b9000000, 0x00000000b9100000, 0x00000000b9100000|100%| E|CS|TAMS 0x00000000b9000000, 0x00000000b9000000| Complete 
| 913|0x00000000b9100000, 0x00000000b9200000, 0x00000000b9200000|100%| E|CS|TAMS 0x00000000b9100000, 0x00000000b9100000| Complete 
| 914|0x00000000b9200000, 0x00000000b9300000, 0x00000000b9300000|100%| E|CS|TAMS 0x00000000b9200000, 0x00000000b9200000| Complete 
| 915|0x00000000b9300000, 0x00000000b9400000, 0x00000000b9400000|100%| E|CS|TAMS 0x00000000b9300000, 0x00000000b9300000| Complete 
| 916|0x00000000b9400000, 0x00000000b9500000, 0x00000000b9500000|100%| E|CS|TAMS 0x00000000b9400000, 0x00000000b9400000| Complete 
| 917|0x00000000b9500000, 0x00000000b9600000, 0x00000000b9600000|100%| E|CS|TAMS 0x00000000b9500000, 0x00000000b9500000| Complete 
| 918|0x00000000b9600000, 0x00000000b9700000, 0x00000000b9700000|100%| E|CS|TAMS 0x00000000b9600000, 0x00000000b9600000| Complete 
| 919|0x00000000b9700000, 0x00000000b9800000, 0x00000000b9800000|100%| E|CS|TAMS 0x00000000b9700000, 0x00000000b9700000| Complete 
| 920|0x00000000b9800000, 0x00000000b9900000, 0x00000000b9900000|100%| E|CS|TAMS 0x00000000b9800000, 0x00000000b9800000| Complete 
| 921|0x00000000b9900000, 0x00000000b9a00000, 0x00000000b9a00000|100%| E|CS|TAMS 0x00000000b9900000, 0x00000000b9900000| Complete 
| 922|0x00000000b9a00000, 0x00000000b9b00000, 0x00000000b9b00000|100%| E|CS|TAMS 0x00000000b9a00000, 0x00000000b9a00000| Complete 
| 923|0x00000000b9b00000, 0x00000000b9c00000, 0x00000000b9c00000|100%| E|CS|TAMS 0x00000000b9b00000, 0x00000000b9b00000| Complete 
| 924|0x00000000b9c00000, 0x00000000b9d00000, 0x00000000b9d00000|100%| E|CS|TAMS 0x00000000b9c00000, 0x00000000b9c00000| Complete 
| 925|0x00000000b9d00000, 0x00000000b9e00000, 0x00000000b9e00000|100%| E|CS|TAMS 0x00000000b9d00000, 0x00000000b9d00000| Complete 
| 926|0x00000000b9e00000, 0x00000000b9f00000, 0x00000000b9f00000|100%| E|CS|TAMS 0x00000000b9e00000, 0x00000000b9e00000| Complete 
| 927|0x00000000b9f00000, 0x00000000ba000000, 0x00000000ba000000|100%| E|CS|TAMS 0x00000000b9f00000, 0x00000000b9f00000| Complete 
| 928|0x00000000ba000000, 0x00000000ba100000, 0x00000000ba100000|100%| E|CS|TAMS 0x00000000ba000000, 0x00000000ba000000| Complete 
| 929|0x00000000ba100000, 0x00000000ba200000, 0x00000000ba200000|100%| E|CS|TAMS 0x00000000ba100000, 0x00000000ba100000| Complete 
| 930|0x00000000ba200000, 0x00000000ba300000, 0x00000000ba300000|100%| E|CS|TAMS 0x00000000ba200000, 0x00000000ba200000| Complete 
| 931|0x00000000ba300000, 0x00000000ba400000, 0x00000000ba400000|100%| E|CS|TAMS 0x00000000ba300000, 0x00000000ba300000| Complete 
| 932|0x00000000ba400000, 0x00000000ba500000, 0x00000000ba500000|100%| E|CS|TAMS 0x00000000ba400000, 0x00000000ba400000| Complete 
| 933|0x00000000ba500000, 0x00000000ba600000, 0x00000000ba600000|100%| E|CS|TAMS 0x00000000ba500000, 0x00000000ba500000| Complete 
| 934|0x00000000ba600000, 0x00000000ba700000, 0x00000000ba700000|100%| E|CS|TAMS 0x00000000ba600000, 0x00000000ba600000| Complete 
| 935|0x00000000ba700000, 0x00000000ba800000, 0x00000000ba800000|100%| E|CS|TAMS 0x00000000ba700000, 0x00000000ba700000| Complete 
| 936|0x00000000ba800000, 0x00000000ba900000, 0x00000000ba900000|100%| E|CS|TAMS 0x00000000ba800000, 0x00000000ba800000| Complete 
| 937|0x00000000ba900000, 0x00000000baa00000, 0x00000000baa00000|100%| E|CS|TAMS 0x00000000ba900000, 0x00000000ba900000| Complete 
| 938|0x00000000baa00000, 0x00000000bab00000, 0x00000000bab00000|100%| E|CS|TAMS 0x00000000baa00000, 0x00000000baa00000| Complete 
| 939|0x00000000bab00000, 0x00000000bac00000, 0x00000000bac00000|100%| E|CS|TAMS 0x00000000bab00000, 0x00000000bab00000| Complete 
| 940|0x00000000bac00000, 0x00000000bad00000, 0x00000000bad00000|100%| E|CS|TAMS 0x00000000bac00000, 0x00000000bac00000| Complete 
| 941|0x00000000bad00000, 0x00000000bae00000, 0x00000000bae00000|100%| E|CS|TAMS 0x00000000bad00000, 0x00000000bad00000| Complete 
| 942|0x00000000bae00000, 0x00000000baf00000, 0x00000000baf00000|100%| E|CS|TAMS 0x00000000bae00000, 0x00000000bae00000| Complete 
| 943|0x00000000baf00000, 0x00000000bb000000, 0x00000000bb000000|100%| E|CS|TAMS 0x00000000baf00000, 0x00000000baf00000| Complete 
| 944|0x00000000bb000000, 0x00000000bb100000, 0x00000000bb100000|100%| E|CS|TAMS 0x00000000bb000000, 0x00000000bb000000| Complete 
| 945|0x00000000bb100000, 0x00000000bb200000, 0x00000000bb200000|100%| E|CS|TAMS 0x00000000bb100000, 0x00000000bb100000| Complete 
| 946|0x00000000bb200000, 0x00000000bb300000, 0x00000000bb300000|100%| E|CS|TAMS 0x00000000bb200000, 0x00000000bb200000| Complete 
| 947|0x00000000bb300000, 0x00000000bb400000, 0x00000000bb400000|100%| E|CS|TAMS 0x00000000bb300000, 0x00000000bb300000| Complete 
| 948|0x00000000bb400000, 0x00000000bb500000, 0x00000000bb500000|100%| E|CS|TAMS 0x00000000bb400000, 0x00000000bb400000| Complete 
| 949|0x00000000bb500000, 0x00000000bb600000, 0x00000000bb600000|100%| E|CS|TAMS 0x00000000bb500000, 0x00000000bb500000| Complete 
| 950|0x00000000bb600000, 0x00000000bb700000, 0x00000000bb700000|100%| E|CS|TAMS 0x00000000bb600000, 0x00000000bb600000| Complete 
| 951|0x00000000bb700000, 0x00000000bb800000, 0x00000000bb800000|100%| E|CS|TAMS 0x00000000bb700000, 0x00000000bb700000| Complete 
| 952|0x00000000bb800000, 0x00000000bb900000, 0x00000000bb900000|100%| E|CS|TAMS 0x00000000bb800000, 0x00000000bb800000| Complete 
| 953|0x00000000bb900000, 0x00000000bba00000, 0x00000000bba00000|100%| E|CS|TAMS 0x00000000bb900000, 0x00000000bb900000| Complete 
| 954|0x00000000bba00000, 0x00000000bbb00000, 0x00000000bbb00000|100%| E|CS|TAMS 0x00000000bba00000, 0x00000000bba00000| Complete 
| 955|0x00000000bbb00000, 0x00000000bbc00000, 0x00000000bbc00000|100%| E|CS|TAMS 0x00000000bbb00000, 0x00000000bbb00000| Complete 
| 956|0x00000000bbc00000, 0x00000000bbd00000, 0x00000000bbd00000|100%| E|CS|TAMS 0x00000000bbc00000, 0x00000000bbc00000| Complete 
| 957|0x00000000bbd00000, 0x00000000bbe00000, 0x00000000bbe00000|100%| E|CS|TAMS 0x00000000bbd00000, 0x00000000bbd00000| Complete 
| 958|0x00000000bbe00000, 0x00000000bbf00000, 0x00000000bbf00000|100%| E|CS|TAMS 0x00000000bbe00000, 0x00000000bbe00000| Complete 
| 959|0x00000000bbf00000, 0x00000000bc000000, 0x00000000bc000000|100%| E|CS|TAMS 0x00000000bbf00000, 0x00000000bbf00000| Complete 
| 960|0x00000000bc000000, 0x00000000bc100000, 0x00000000bc100000|100%| E|CS|TAMS 0x00000000bc000000, 0x00000000bc000000| Complete 
| 961|0x00000000bc100000, 0x00000000bc200000, 0x00000000bc200000|100%| E|CS|TAMS 0x00000000bc100000, 0x00000000bc100000| Complete 
| 962|0x00000000bc200000, 0x00000000bc300000, 0x00000000bc300000|100%| E|CS|TAMS 0x00000000bc200000, 0x00000000bc200000| Complete 
| 963|0x00000000bc300000, 0x00000000bc400000, 0x00000000bc400000|100%| E|CS|TAMS 0x00000000bc300000, 0x00000000bc300000| Complete 
| 964|0x00000000bc400000, 0x00000000bc500000, 0x00000000bc500000|100%| E|CS|TAMS 0x00000000bc400000, 0x00000000bc400000| Complete 
| 965|0x00000000bc500000, 0x00000000bc600000, 0x00000000bc600000|100%| E|CS|TAMS 0x00000000bc500000, 0x00000000bc500000| Complete 
| 966|0x00000000bc600000, 0x00000000bc700000, 0x00000000bc700000|100%| E|CS|TAMS 0x00000000bc600000, 0x00000000bc600000| Complete 
| 967|0x00000000bc700000, 0x00000000bc800000, 0x00000000bc800000|100%| E|CS|TAMS 0x00000000bc700000, 0x00000000bc700000| Complete 
| 968|0x00000000bc800000, 0x00000000bc900000, 0x00000000bc900000|100%| E|CS|TAMS 0x00000000bc800000, 0x00000000bc800000| Complete 
| 969|0x00000000bc900000, 0x00000000bca00000, 0x00000000bca00000|100%| E|CS|TAMS 0x00000000bc900000, 0x00000000bc900000| Complete 
| 970|0x00000000bca00000, 0x00000000bcb00000, 0x00000000bcb00000|100%| E|CS|TAMS 0x00000000bca00000, 0x00000000bca00000| Complete 
| 971|0x00000000bcb00000, 0x00000000bcc00000, 0x00000000bcc00000|100%| E|CS|TAMS 0x00000000bcb00000, 0x00000000bcb00000| Complete 
| 972|0x00000000bcc00000, 0x00000000bcd00000, 0x00000000bcd00000|100%| E|CS|TAMS 0x00000000bcc00000, 0x00000000bcc00000| Complete 
| 973|0x00000000bcd00000, 0x00000000bce00000, 0x00000000bce00000|100%| E|CS|TAMS 0x00000000bcd00000, 0x00000000bcd00000| Complete 
| 974|0x00000000bce00000, 0x00000000bcf00000, 0x00000000bcf00000|100%| E|CS|TAMS 0x00000000bce00000, 0x00000000bce00000| Complete 
| 975|0x00000000bcf00000, 0x00000000bd000000, 0x00000000bd000000|100%| E|CS|TAMS 0x00000000bcf00000, 0x00000000bcf00000| Complete 
| 976|0x00000000bd000000, 0x00000000bd100000, 0x00000000bd100000|100%| E|CS|TAMS 0x00000000bd000000, 0x00000000bd000000| Complete 
| 977|0x00000000bd100000, 0x00000000bd200000, 0x00000000bd200000|100%| E|CS|TAMS 0x00000000bd100000, 0x00000000bd100000| Complete 
| 978|0x00000000bd200000, 0x00000000bd300000, 0x00000000bd300000|100%| E|CS|TAMS 0x00000000bd200000, 0x00000000bd200000| Complete 
| 979|0x00000000bd300000, 0x00000000bd400000, 0x00000000bd400000|100%| E|CS|TAMS 0x00000000bd300000, 0x00000000bd300000| Complete 
| 980|0x00000000bd400000, 0x00000000bd500000, 0x00000000bd500000|100%| E|CS|TAMS 0x00000000bd400000, 0x00000000bd400000| Complete 
| 981|0x00000000bd500000, 0x00000000bd600000, 0x00000000bd600000|100%| E|CS|TAMS 0x00000000bd500000, 0x00000000bd500000| Complete 
| 982|0x00000000bd600000, 0x00000000bd700000, 0x00000000bd700000|100%| E|CS|TAMS 0x00000000bd600000, 0x00000000bd600000| Complete 
| 983|0x00000000bd700000, 0x00000000bd800000, 0x00000000bd800000|100%| E|CS|TAMS 0x00000000bd700000, 0x00000000bd700000| Complete 
| 984|0x00000000bd800000, 0x00000000bd900000, 0x00000000bd900000|100%| E|CS|TAMS 0x00000000bd800000, 0x00000000bd800000| Complete 
| 985|0x00000000bd900000, 0x00000000bda00000, 0x00000000bda00000|100%| E|CS|TAMS 0x00000000bd900000, 0x00000000bd900000| Complete 
| 986|0x00000000bda00000, 0x00000000bdb00000, 0x00000000bdb00000|100%| E|CS|TAMS 0x00000000bda00000, 0x00000000bda00000| Complete 
| 987|0x00000000bdb00000, 0x00000000bdc00000, 0x00000000bdc00000|100%| E|CS|TAMS 0x00000000bdb00000, 0x00000000bdb00000| Complete 
| 988|0x00000000bdc00000, 0x00000000bdd00000, 0x00000000bdd00000|100%| E|CS|TAMS 0x00000000bdc00000, 0x00000000bdc00000| Complete 
| 989|0x00000000bdd00000, 0x00000000bde00000, 0x00000000bde00000|100%| E|CS|TAMS 0x00000000bdd00000, 0x00000000bdd00000| Complete 
| 990|0x00000000bde00000, 0x00000000bdf00000, 0x00000000bdf00000|100%| E|CS|TAMS 0x00000000bde00000, 0x00000000bde00000| Complete 
| 991|0x00000000bdf00000, 0x00000000be000000, 0x00000000be000000|100%| E|CS|TAMS 0x00000000bdf00000, 0x00000000bdf00000| Complete 
| 992|0x00000000be000000, 0x00000000be100000, 0x00000000be100000|100%| E|CS|TAMS 0x00000000be000000, 0x00000000be000000| Complete 
| 993|0x00000000be100000, 0x00000000be200000, 0x00000000be200000|100%| E|CS|TAMS 0x00000000be100000, 0x00000000be100000| Complete 
| 994|0x00000000be200000, 0x00000000be300000, 0x00000000be300000|100%| E|CS|TAMS 0x00000000be200000, 0x00000000be200000| Complete 
| 995|0x00000000be300000, 0x00000000be400000, 0x00000000be400000|100%| E|CS|TAMS 0x00000000be300000, 0x00000000be300000| Complete 
| 996|0x00000000be400000, 0x00000000be500000, 0x00000000be500000|100%| E|CS|TAMS 0x00000000be400000, 0x00000000be400000| Complete 
| 997|0x00000000be500000, 0x00000000be600000, 0x00000000be600000|100%| E|CS|TAMS 0x00000000be500000, 0x00000000be500000| Complete 
| 998|0x00000000be600000, 0x00000000be700000, 0x00000000be700000|100%| E|CS|TAMS 0x00000000be600000, 0x00000000be600000| Complete 
| 999|0x00000000be700000, 0x00000000be800000, 0x00000000be800000|100%| E|CS|TAMS 0x00000000be700000, 0x00000000be700000| Complete 
|1000|0x00000000be800000, 0x00000000be900000, 0x00000000be900000|100%| E|CS|TAMS 0x00000000be800000, 0x00000000be800000| Complete 
|1001|0x00000000be900000, 0x00000000bea00000, 0x00000000bea00000|100%| E|CS|TAMS 0x00000000be900000, 0x00000000be900000| Complete 
|1002|0x00000000bea00000, 0x00000000beb00000, 0x00000000beb00000|100%| E|CS|TAMS 0x00000000bea00000, 0x00000000bea00000| Complete 
|1003|0x00000000beb00000, 0x00000000bec00000, 0x00000000bec00000|100%| E|CS|TAMS 0x00000000beb00000, 0x00000000beb00000| Complete 
|1004|0x00000000bec00000, 0x00000000bed00000, 0x00000000bed00000|100%| E|CS|TAMS 0x00000000bec00000, 0x00000000bec00000| Complete 
|1005|0x00000000bed00000, 0x00000000bee00000, 0x00000000bee00000|100%| E|CS|TAMS 0x00000000bed00000, 0x00000000bed00000| Complete 
|1006|0x00000000bee00000, 0x00000000bef00000, 0x00000000bef00000|100%| E|CS|TAMS 0x00000000bee00000, 0x00000000bee00000| Complete 
|1007|0x00000000bef00000, 0x00000000bf000000, 0x00000000bf000000|100%| E|CS|TAMS 0x00000000bef00000, 0x00000000bef00000| Complete 
|1008|0x00000000bf000000, 0x00000000bf100000, 0x00000000bf100000|100%| E|CS|TAMS 0x00000000bf000000, 0x00000000bf000000| Complete 
|1009|0x00000000bf100000, 0x00000000bf200000, 0x00000000bf200000|100%| E|CS|TAMS 0x00000000bf100000, 0x00000000bf100000| Complete 
|1010|0x00000000bf200000, 0x00000000bf300000, 0x00000000bf300000|100%| E|CS|TAMS 0x00000000bf200000, 0x00000000bf200000| Complete 
|1011|0x00000000bf300000, 0x00000000bf400000, 0x00000000bf400000|100%| E|CS|TAMS 0x00000000bf300000, 0x00000000bf300000| Complete 
|1012|0x00000000bf400000, 0x00000000bf500000, 0x00000000bf500000|100%| E|CS|TAMS 0x00000000bf400000, 0x00000000bf400000| Complete 
|1013|0x00000000bf500000, 0x00000000bf600000, 0x00000000bf600000|100%| E|CS|TAMS 0x00000000bf500000, 0x00000000bf500000| Complete 
|1014|0x00000000bf600000, 0x00000000bf700000, 0x00000000bf700000|100%| E|CS|TAMS 0x00000000bf600000, 0x00000000bf600000| Complete 
|1015|0x00000000bf700000, 0x00000000bf800000, 0x00000000bf800000|100%| E|CS|TAMS 0x00000000bf700000, 0x00000000bf700000| Complete 
|1016|0x00000000bf800000, 0x00000000bf900000, 0x00000000bf900000|100%| E|CS|TAMS 0x00000000bf800000, 0x00000000bf800000| Complete 
|1017|0x00000000bf900000, 0x00000000bfa00000, 0x00000000bfa00000|100%| E|CS|TAMS 0x00000000bf900000, 0x00000000bf900000| Complete 
|1018|0x00000000bfa00000, 0x00000000bfb00000, 0x00000000bfb00000|100%| E|CS|TAMS 0x00000000bfa00000, 0x00000000bfa00000| Complete 
|1019|0x00000000bfb00000, 0x00000000bfc00000, 0x00000000bfc00000|100%| E|CS|TAMS 0x00000000bfb00000, 0x00000000bfb00000| Complete 
|1020|0x00000000bfc00000, 0x00000000bfd00000, 0x00000000bfd00000|100%| E|CS|TAMS 0x00000000bfc00000, 0x00000000bfc00000| Complete 
|1021|0x00000000bfd00000, 0x00000000bfe00000, 0x00000000bfe00000|100%| E|CS|TAMS 0x00000000bfd00000, 0x00000000bfd00000| Complete 
|1022|0x00000000bfe00000, 0x00000000bff00000, 0x00000000bff00000|100%| E|CS|TAMS 0x00000000bfe00000, 0x00000000bfe00000| Complete 
|1023|0x00000000bff00000, 0x00000000c0000000, 0x00000000c0000000|100%| E|CS|TAMS 0x00000000bff00000, 0x00000000bff00000| Complete 
|1024|0x00000000c0000000, 0x00000000c0100000, 0x00000000c0100000|100%| E|CS|TAMS 0x00000000c0000000, 0x00000000c0000000| Complete 
|1025|0x00000000c0100000, 0x00000000c0200000, 0x00000000c0200000|100%| E|CS|TAMS 0x00000000c0100000, 0x00000000c0100000| Complete 
|1026|0x00000000c0200000, 0x00000000c0300000, 0x00000000c0300000|100%| E|CS|TAMS 0x00000000c0200000, 0x00000000c0200000| Complete 
|1027|0x00000000c0300000, 0x00000000c0400000, 0x00000000c0400000|100%| E|CS|TAMS 0x00000000c0300000, 0x00000000c0300000| Complete 
|1028|0x00000000c0400000, 0x00000000c0500000, 0x00000000c0500000|100%| E|CS|TAMS 0x00000000c0400000, 0x00000000c0400000| Complete 
|1029|0x00000000c0500000, 0x00000000c0600000, 0x00000000c0600000|100%| E|CS|TAMS 0x00000000c0500000, 0x00000000c0500000| Complete 
|1030|0x00000000c0600000, 0x00000000c0700000, 0x00000000c0700000|100%| E|CS|TAMS 0x00000000c0600000, 0x00000000c0600000| Complete 
|1031|0x00000000c0700000, 0x00000000c0800000, 0x00000000c0800000|100%| E|CS|TAMS 0x00000000c0700000, 0x00000000c0700000| Complete 
|1032|0x00000000c0800000, 0x00000000c0900000, 0x00000000c0900000|100%| E|CS|TAMS 0x00000000c0800000, 0x00000000c0800000| Complete 
|1033|0x00000000c0900000, 0x00000000c0a00000, 0x00000000c0a00000|100%| E|CS|TAMS 0x00000000c0900000, 0x00000000c0900000| Complete 
|1034|0x00000000c0a00000, 0x00000000c0b00000, 0x00000000c0b00000|100%| E|CS|TAMS 0x00000000c0a00000, 0x00000000c0a00000| Complete 
|1035|0x00000000c0b00000, 0x00000000c0c00000, 0x00000000c0c00000|100%| E|CS|TAMS 0x00000000c0b00000, 0x00000000c0b00000| Complete 
|1036|0x00000000c0c00000, 0x00000000c0d00000, 0x00000000c0d00000|100%| E|CS|TAMS 0x00000000c0c00000, 0x00000000c0c00000| Complete 
|1037|0x00000000c0d00000, 0x00000000c0e00000, 0x00000000c0e00000|100%| E|CS|TAMS 0x00000000c0d00000, 0x00000000c0d00000| Complete 
|1038|0x00000000c0e00000, 0x00000000c0f00000, 0x00000000c0f00000|100%| E|CS|TAMS 0x00000000c0e00000, 0x00000000c0e00000| Complete 
|1039|0x00000000c0f00000, 0x00000000c1000000, 0x00000000c1000000|100%| E|CS|TAMS 0x00000000c0f00000, 0x00000000c0f00000| Complete 
|1040|0x00000000c1000000, 0x00000000c1100000, 0x00000000c1100000|100%| E|CS|TAMS 0x00000000c1000000, 0x00000000c1000000| Complete 
|1041|0x00000000c1100000, 0x00000000c1200000, 0x00000000c1200000|100%| E|CS|TAMS 0x00000000c1100000, 0x00000000c1100000| Complete 
|1042|0x00000000c1200000, 0x00000000c1300000, 0x00000000c1300000|100%| E|CS|TAMS 0x00000000c1200000, 0x00000000c1200000| Complete 
|1043|0x00000000c1300000, 0x00000000c1400000, 0x00000000c1400000|100%| E|CS|TAMS 0x00000000c1300000, 0x00000000c1300000| Complete 
|1044|0x00000000c1400000, 0x00000000c1500000, 0x00000000c1500000|100%| E|CS|TAMS 0x00000000c1400000, 0x00000000c1400000| Complete 
|1045|0x00000000c1500000, 0x00000000c1600000, 0x00000000c1600000|100%| E|CS|TAMS 0x00000000c1500000, 0x00000000c1500000| Complete 
|1046|0x00000000c1600000, 0x00000000c1700000, 0x00000000c1700000|100%| E|CS|TAMS 0x00000000c1600000, 0x00000000c1600000| Complete 
|1047|0x00000000c1700000, 0x00000000c1800000, 0x00000000c1800000|100%| E|CS|TAMS 0x00000000c1700000, 0x00000000c1700000| Complete 
|1048|0x00000000c1800000, 0x00000000c1900000, 0x00000000c1900000|100%| E|CS|TAMS 0x00000000c1800000, 0x00000000c1800000| Complete 
|1049|0x00000000c1900000, 0x00000000c1a00000, 0x00000000c1a00000|100%| E|CS|TAMS 0x00000000c1900000, 0x00000000c1900000| Complete 
|1050|0x00000000c1a00000, 0x00000000c1b00000, 0x00000000c1b00000|100%| E|CS|TAMS 0x00000000c1a00000, 0x00000000c1a00000| Complete 
|1051|0x00000000c1b00000, 0x00000000c1c00000, 0x00000000c1c00000|100%| E|CS|TAMS 0x00000000c1b00000, 0x00000000c1b00000| Complete 
|1052|0x00000000c1c00000, 0x00000000c1d00000, 0x00000000c1d00000|100%| E|CS|TAMS 0x00000000c1c00000, 0x00000000c1c00000| Complete 
|1053|0x00000000c1d00000, 0x00000000c1e00000, 0x00000000c1e00000|100%| E|CS|TAMS 0x00000000c1d00000, 0x00000000c1d00000| Complete 
|1054|0x00000000c1e00000, 0x00000000c1f00000, 0x00000000c1f00000|100%| E|CS|TAMS 0x00000000c1e00000, 0x00000000c1e00000| Complete 
|1055|0x00000000c1f00000, 0x00000000c2000000, 0x00000000c2000000|100%| E|CS|TAMS 0x00000000c1f00000, 0x00000000c1f00000| Complete 
|1056|0x00000000c2000000, 0x00000000c2100000, 0x00000000c2100000|100%| E|CS|TAMS 0x00000000c2000000, 0x00000000c2000000| Complete 
|1057|0x00000000c2100000, 0x00000000c2200000, 0x00000000c2200000|100%| E|CS|TAMS 0x00000000c2100000, 0x00000000c2100000| Complete 
|1058|0x00000000c2200000, 0x00000000c2300000, 0x00000000c2300000|100%| E|CS|TAMS 0x00000000c2200000, 0x00000000c2200000| Complete 
|1059|0x00000000c2300000, 0x00000000c2400000, 0x00000000c2400000|100%| E|CS|TAMS 0x00000000c2300000, 0x00000000c2300000| Complete 
|1060|0x00000000c2400000, 0x00000000c2500000, 0x00000000c2500000|100%| E|CS|TAMS 0x00000000c2400000, 0x00000000c2400000| Complete 
|1061|0x00000000c2500000, 0x00000000c2600000, 0x00000000c2600000|100%| E|CS|TAMS 0x00000000c2500000, 0x00000000c2500000| Complete 
|1062|0x00000000c2600000, 0x00000000c2700000, 0x00000000c2700000|100%| E|CS|TAMS 0x00000000c2600000, 0x00000000c2600000| Complete 
|1063|0x00000000c2700000, 0x00000000c2800000, 0x00000000c2800000|100%| E|CS|TAMS 0x00000000c2700000, 0x00000000c2700000| Complete 
|1064|0x00000000c2800000, 0x00000000c2900000, 0x00000000c2900000|100%| E|CS|TAMS 0x00000000c2800000, 0x00000000c2800000| Complete 
|1065|0x00000000c2900000, 0x00000000c2a00000, 0x00000000c2a00000|100%| E|CS|TAMS 0x00000000c2900000, 0x00000000c2900000| Complete 
|1066|0x00000000c2a00000, 0x00000000c2b00000, 0x00000000c2b00000|100%| E|CS|TAMS 0x00000000c2a00000, 0x00000000c2a00000| Complete 
|1067|0x00000000c2b00000, 0x00000000c2c00000, 0x00000000c2c00000|100%| E|CS|TAMS 0x00000000c2b00000, 0x00000000c2b00000| Complete 
|1068|0x00000000c2c00000, 0x00000000c2d00000, 0x00000000c2d00000|100%| E|CS|TAMS 0x00000000c2c00000, 0x00000000c2c00000| Complete 
|1069|0x00000000c2d00000, 0x00000000c2e00000, 0x00000000c2e00000|100%| E|CS|TAMS 0x00000000c2d00000, 0x00000000c2d00000| Complete 
|1070|0x00000000c2e00000, 0x00000000c2f00000, 0x00000000c2f00000|100%| E|CS|TAMS 0x00000000c2e00000, 0x00000000c2e00000| Complete 
|1071|0x00000000c2f00000, 0x00000000c3000000, 0x00000000c3000000|100%| E|CS|TAMS 0x00000000c2f00000, 0x00000000c2f00000| Complete 
|1072|0x00000000c3000000, 0x00000000c3100000, 0x00000000c3100000|100%| E|CS|TAMS 0x00000000c3000000, 0x00000000c3000000| Complete 
|1073|0x00000000c3100000, 0x00000000c3200000, 0x00000000c3200000|100%| E|CS|TAMS 0x00000000c3100000, 0x00000000c3100000| Complete 
|1074|0x00000000c3200000, 0x00000000c3300000, 0x00000000c3300000|100%| E|CS|TAMS 0x00000000c3200000, 0x00000000c3200000| Complete 
|1075|0x00000000c3300000, 0x00000000c3400000, 0x00000000c3400000|100%| E|CS|TAMS 0x00000000c3300000, 0x00000000c3300000| Complete 
|1076|0x00000000c3400000, 0x00000000c3500000, 0x00000000c3500000|100%| E|CS|TAMS 0x00000000c3400000, 0x00000000c3400000| Complete 
|1077|0x00000000c3500000, 0x00000000c3600000, 0x00000000c3600000|100%| E|CS|TAMS 0x00000000c3500000, 0x00000000c3500000| Complete 
|1078|0x00000000c3600000, 0x00000000c3700000, 0x00000000c3700000|100%| E|CS|TAMS 0x00000000c3600000, 0x00000000c3600000| Complete 
|1079|0x00000000c3700000, 0x00000000c3800000, 0x00000000c3800000|100%| E|CS|TAMS 0x00000000c3700000, 0x00000000c3700000| Complete 
|1080|0x00000000c3800000, 0x00000000c3900000, 0x00000000c3900000|100%| E|CS|TAMS 0x00000000c3800000, 0x00000000c3800000| Complete 
|1081|0x00000000c3900000, 0x00000000c3a00000, 0x00000000c3a00000|100%| E|CS|TAMS 0x00000000c3900000, 0x00000000c3900000| Complete 
|1082|0x00000000c3a00000, 0x00000000c3b00000, 0x00000000c3b00000|100%| E|CS|TAMS 0x00000000c3a00000, 0x00000000c3a00000| Complete 
|1083|0x00000000c3b00000, 0x00000000c3c00000, 0x00000000c3c00000|100%| E|CS|TAMS 0x00000000c3b00000, 0x00000000c3b00000| Complete 
|1084|0x00000000c3c00000, 0x00000000c3d00000, 0x00000000c3d00000|100%| E|CS|TAMS 0x00000000c3c00000, 0x00000000c3c00000| Complete 
|1085|0x00000000c3d00000, 0x00000000c3e00000, 0x00000000c3e00000|100%| E|CS|TAMS 0x00000000c3d00000, 0x00000000c3d00000| Complete 
|1086|0x00000000c3e00000, 0x00000000c3f00000, 0x00000000c3f00000|100%| E|CS|TAMS 0x00000000c3e00000, 0x00000000c3e00000| Complete 
|1087|0x00000000c3f00000, 0x00000000c4000000, 0x00000000c4000000|100%| E|CS|TAMS 0x00000000c3f00000, 0x00000000c3f00000| Complete 
|1088|0x00000000c4000000, 0x00000000c4100000, 0x00000000c4100000|100%| E|CS|TAMS 0x00000000c4000000, 0x00000000c4000000| Complete 
|1089|0x00000000c4100000, 0x00000000c4200000, 0x00000000c4200000|100%| E|CS|TAMS 0x00000000c4100000, 0x00000000c4100000| Complete 
|1090|0x00000000c4200000, 0x00000000c4300000, 0x00000000c4300000|100%| E|CS|TAMS 0x00000000c4200000, 0x00000000c4200000| Complete 
|1091|0x00000000c4300000, 0x00000000c4400000, 0x00000000c4400000|100%| E|CS|TAMS 0x00000000c4300000, 0x00000000c4300000| Complete 
|1092|0x00000000c4400000, 0x00000000c4500000, 0x00000000c4500000|100%| E|CS|TAMS 0x00000000c4400000, 0x00000000c4400000| Complete 
|1093|0x00000000c4500000, 0x00000000c4600000, 0x00000000c4600000|100%| E|CS|TAMS 0x00000000c4500000, 0x00000000c4500000| Complete 
|1094|0x00000000c4600000, 0x00000000c4700000, 0x00000000c4700000|100%| E|CS|TAMS 0x00000000c4600000, 0x00000000c4600000| Complete 
|1095|0x00000000c4700000, 0x00000000c4800000, 0x00000000c4800000|100%| E|CS|TAMS 0x00000000c4700000, 0x00000000c4700000| Complete 
|1096|0x00000000c4800000, 0x00000000c4900000, 0x00000000c4900000|100%| E|CS|TAMS 0x00000000c4800000, 0x00000000c4800000| Complete 
|1097|0x00000000c4900000, 0x00000000c4a00000, 0x00000000c4a00000|100%| E|CS|TAMS 0x00000000c4900000, 0x00000000c4900000| Complete 
|1098|0x00000000c4a00000, 0x00000000c4b00000, 0x00000000c4b00000|100%| E|CS|TAMS 0x00000000c4a00000, 0x00000000c4a00000| Complete 
|1099|0x00000000c4b00000, 0x00000000c4c00000, 0x00000000c4c00000|100%| E|CS|TAMS 0x00000000c4b00000, 0x00000000c4b00000| Complete 
|1100|0x00000000c4c00000, 0x00000000c4d00000, 0x00000000c4d00000|100%| E|CS|TAMS 0x00000000c4c00000, 0x00000000c4c00000| Complete 
|1101|0x00000000c4d00000, 0x00000000c4e00000, 0x00000000c4e00000|100%| E|CS|TAMS 0x00000000c4d00000, 0x00000000c4d00000| Complete 
|1102|0x00000000c4e00000, 0x00000000c4f00000, 0x00000000c4f00000|100%| E|CS|TAMS 0x00000000c4e00000, 0x00000000c4e00000| Complete 
|1103|0x00000000c4f00000, 0x00000000c5000000, 0x00000000c5000000|100%| E|CS|TAMS 0x00000000c4f00000, 0x00000000c4f00000| Complete 
|1104|0x00000000c5000000, 0x00000000c5100000, 0x00000000c5100000|100%| E|CS|TAMS 0x00000000c5000000, 0x00000000c5000000| Complete 
|1105|0x00000000c5100000, 0x00000000c5200000, 0x00000000c5200000|100%| E|CS|TAMS 0x00000000c5100000, 0x00000000c5100000| Complete 
|1106|0x00000000c5200000, 0x00000000c5300000, 0x00000000c5300000|100%| E|CS|TAMS 0x00000000c5200000, 0x00000000c5200000| Complete 
|1107|0x00000000c5300000, 0x00000000c5400000, 0x00000000c5400000|100%| E|CS|TAMS 0x00000000c5300000, 0x00000000c5300000| Complete 
|1108|0x00000000c5400000, 0x00000000c5500000, 0x00000000c5500000|100%| E|CS|TAMS 0x00000000c5400000, 0x00000000c5400000| Complete 
|1109|0x00000000c5500000, 0x00000000c5600000, 0x00000000c5600000|100%| E|CS|TAMS 0x00000000c5500000, 0x00000000c5500000| Complete 
|1110|0x00000000c5600000, 0x00000000c5700000, 0x00000000c5700000|100%| E|CS|TAMS 0x00000000c5600000, 0x00000000c5600000| Complete 
|1111|0x00000000c5700000, 0x00000000c5800000, 0x00000000c5800000|100%| E|CS|TAMS 0x00000000c5700000, 0x00000000c5700000| Complete 
|1112|0x00000000c5800000, 0x00000000c5900000, 0x00000000c5900000|100%| E|CS|TAMS 0x00000000c5800000, 0x00000000c5800000| Complete 
|1113|0x00000000c5900000, 0x00000000c5a00000, 0x00000000c5a00000|100%| E|CS|TAMS 0x00000000c5900000, 0x00000000c5900000| Complete 
|1114|0x00000000c5a00000, 0x00000000c5b00000, 0x00000000c5b00000|100%| E|CS|TAMS 0x00000000c5a00000, 0x00000000c5a00000| Complete 
|1115|0x00000000c5b00000, 0x00000000c5c00000, 0x00000000c5c00000|100%| E|CS|TAMS 0x00000000c5b00000, 0x00000000c5b00000| Complete 
|1116|0x00000000c5c00000, 0x00000000c5d00000, 0x00000000c5d00000|100%| E|CS|TAMS 0x00000000c5c00000, 0x00000000c5c00000| Complete 
|1117|0x00000000c5d00000, 0x00000000c5e00000, 0x00000000c5e00000|100%| E|CS|TAMS 0x00000000c5d00000, 0x00000000c5d00000| Complete 
|1118|0x00000000c5e00000, 0x00000000c5f00000, 0x00000000c5f00000|100%| E|CS|TAMS 0x00000000c5e00000, 0x00000000c5e00000| Complete 
|1119|0x00000000c5f00000, 0x00000000c6000000, 0x00000000c6000000|100%| E|CS|TAMS 0x00000000c5f00000, 0x00000000c5f00000| Complete 
|1120|0x00000000c6000000, 0x00000000c6100000, 0x00000000c6100000|100%| E|CS|TAMS 0x00000000c6000000, 0x00000000c6000000| Complete 
|1121|0x00000000c6100000, 0x00000000c6200000, 0x00000000c6200000|100%| E|CS|TAMS 0x00000000c6100000, 0x00000000c6100000| Complete 
|1122|0x00000000c6200000, 0x00000000c6300000, 0x00000000c6300000|100%| E|CS|TAMS 0x00000000c6200000, 0x00000000c6200000| Complete 
|1123|0x00000000c6300000, 0x00000000c6400000, 0x00000000c6400000|100%| E|CS|TAMS 0x00000000c6300000, 0x00000000c6300000| Complete 
|1124|0x00000000c6400000, 0x00000000c6500000, 0x00000000c6500000|100%| E|CS|TAMS 0x00000000c6400000, 0x00000000c6400000| Complete 
|1125|0x00000000c6500000, 0x00000000c6600000, 0x00000000c6600000|100%| E|CS|TAMS 0x00000000c6500000, 0x00000000c6500000| Complete 
|1126|0x00000000c6600000, 0x00000000c6700000, 0x00000000c6700000|100%| E|CS|TAMS 0x00000000c6600000, 0x00000000c6600000| Complete 
|1127|0x00000000c6700000, 0x00000000c6800000, 0x00000000c6800000|100%| E|CS|TAMS 0x00000000c6700000, 0x00000000c6700000| Complete 
|1128|0x00000000c6800000, 0x00000000c6900000, 0x00000000c6900000|100%| E|CS|TAMS 0x00000000c6800000, 0x00000000c6800000| Complete 
|1129|0x00000000c6900000, 0x00000000c6a00000, 0x00000000c6a00000|100%| E|CS|TAMS 0x00000000c6900000, 0x00000000c6900000| Complete 
|1130|0x00000000c6a00000, 0x00000000c6b00000, 0x00000000c6b00000|100%| E|CS|TAMS 0x00000000c6a00000, 0x00000000c6a00000| Complete 
|1131|0x00000000c6b00000, 0x00000000c6c00000, 0x00000000c6c00000|100%| E|CS|TAMS 0x00000000c6b00000, 0x00000000c6b00000| Complete 
|1132|0x00000000c6c00000, 0x00000000c6d00000, 0x00000000c6d00000|100%| E|CS|TAMS 0x00000000c6c00000, 0x00000000c6c00000| Complete 
|1133|0x00000000c6d00000, 0x00000000c6e00000, 0x00000000c6e00000|100%| E|CS|TAMS 0x00000000c6d00000, 0x00000000c6d00000| Complete 
|1134|0x00000000c6e00000, 0x00000000c6f00000, 0x00000000c6f00000|100%| E|CS|TAMS 0x00000000c6e00000, 0x00000000c6e00000| Complete 
|1135|0x00000000c6f00000, 0x00000000c7000000, 0x00000000c7000000|100%| E|CS|TAMS 0x00000000c6f00000, 0x00000000c6f00000| Complete 
|1136|0x00000000c7000000, 0x00000000c7100000, 0x00000000c7100000|100%| E|CS|TAMS 0x00000000c7000000, 0x00000000c7000000| Complete 
|1137|0x00000000c7100000, 0x00000000c7200000, 0x00000000c7200000|100%| E|CS|TAMS 0x00000000c7100000, 0x00000000c7100000| Complete 
|1138|0x00000000c7200000, 0x00000000c7300000, 0x00000000c7300000|100%| E|CS|TAMS 0x00000000c7200000, 0x00000000c7200000| Complete 
|1139|0x00000000c7300000, 0x00000000c7400000, 0x00000000c7400000|100%| E|CS|TAMS 0x00000000c7300000, 0x00000000c7300000| Complete 
|1140|0x00000000c7400000, 0x00000000c7500000, 0x00000000c7500000|100%| E|CS|TAMS 0x00000000c7400000, 0x00000000c7400000| Complete 
|1141|0x00000000c7500000, 0x00000000c7600000, 0x00000000c7600000|100%| E|CS|TAMS 0x00000000c7500000, 0x00000000c7500000| Complete 
|1142|0x00000000c7600000, 0x00000000c7700000, 0x00000000c7700000|100%| E|CS|TAMS 0x00000000c7600000, 0x00000000c7600000| Complete 
|1143|0x00000000c7700000, 0x00000000c7800000, 0x00000000c7800000|100%| E|CS|TAMS 0x00000000c7700000, 0x00000000c7700000| Complete 
|1144|0x00000000c7800000, 0x00000000c7900000, 0x00000000c7900000|100%| E|CS|TAMS 0x00000000c7800000, 0x00000000c7800000| Complete 
|1145|0x00000000c7900000, 0x00000000c7a00000, 0x00000000c7a00000|100%| E|CS|TAMS 0x00000000c7900000, 0x00000000c7900000| Complete 
|1146|0x00000000c7a00000, 0x00000000c7b00000, 0x00000000c7b00000|100%| E|CS|TAMS 0x00000000c7a00000, 0x00000000c7a00000| Complete 
|1147|0x00000000c7b00000, 0x00000000c7c00000, 0x00000000c7c00000|100%| E|CS|TAMS 0x00000000c7b00000, 0x00000000c7b00000| Complete 
|1148|0x00000000c7c00000, 0x00000000c7d00000, 0x00000000c7d00000|100%| E|CS|TAMS 0x00000000c7c00000, 0x00000000c7c00000| Complete 
|1149|0x00000000c7d00000, 0x00000000c7e00000, 0x00000000c7e00000|100%| E|CS|TAMS 0x00000000c7d00000, 0x00000000c7d00000| Complete 
|1150|0x00000000c7e00000, 0x00000000c7f00000, 0x00000000c7f00000|100%| E|CS|TAMS 0x00000000c7e00000, 0x00000000c7e00000| Complete 
|1151|0x00000000c7f00000, 0x00000000c8000000, 0x00000000c8000000|100%| E|CS|TAMS 0x00000000c7f00000, 0x00000000c7f00000| Complete 
|1152|0x00000000c8000000, 0x00000000c8100000, 0x00000000c8100000|100%| E|CS|TAMS 0x00000000c8000000, 0x00000000c8000000| Complete 
|1153|0x00000000c8100000, 0x00000000c8200000, 0x00000000c8200000|100%| E|CS|TAMS 0x00000000c8100000, 0x00000000c8100000| Complete 
|1154|0x00000000c8200000, 0x00000000c8300000, 0x00000000c8300000|100%| E|CS|TAMS 0x00000000c8200000, 0x00000000c8200000| Complete 
|1155|0x00000000c8300000, 0x00000000c8400000, 0x00000000c8400000|100%| E|CS|TAMS 0x00000000c8300000, 0x00000000c8300000| Complete 
|1156|0x00000000c8400000, 0x00000000c8500000, 0x00000000c8500000|100%| E|CS|TAMS 0x00000000c8400000, 0x00000000c8400000| Complete 
|1157|0x00000000c8500000, 0x00000000c8600000, 0x00000000c8600000|100%| E|CS|TAMS 0x00000000c8500000, 0x00000000c8500000| Complete 
|1158|0x00000000c8600000, 0x00000000c8700000, 0x00000000c8700000|100%| E|CS|TAMS 0x00000000c8600000, 0x00000000c8600000| Complete 
|1159|0x00000000c8700000, 0x00000000c8800000, 0x00000000c8800000|100%| E|CS|TAMS 0x00000000c8700000, 0x00000000c8700000| Complete 
|1160|0x00000000c8800000, 0x00000000c88ffff8, 0x00000000c8900000| 99%| E|CS|TAMS 0x00000000c8800000, 0x00000000c8800000| Complete 
|1161|0x00000000c8900000, 0x00000000c8a00000, 0x00000000c8a00000|100%| E|CS|TAMS 0x00000000c8900000, 0x00000000c8900000| Complete 
|1162|0x00000000c8a00000, 0x00000000c8b00000, 0x00000000c8b00000|100%| E|CS|TAMS 0x00000000c8a00000, 0x00000000c8a00000| Complete 
|1163|0x00000000c8b00000, 0x00000000c8c00000, 0x00000000c8c00000|100%| E|CS|TAMS 0x00000000c8b00000, 0x00000000c8b00000| Complete 
|1164|0x00000000c8c00000, 0x00000000c8d00000, 0x00000000c8d00000|100%| E|CS|TAMS 0x00000000c8c00000, 0x00000000c8c00000| Complete 
|1165|0x00000000c8d00000, 0x00000000c8e00000, 0x00000000c8e00000|100%| E|CS|TAMS 0x00000000c8d00000, 0x00000000c8d00000| Complete 
|1166|0x00000000c8e00000, 0x00000000c8f00000, 0x00000000c8f00000|100%| E|CS|TAMS 0x00000000c8e00000, 0x00000000c8e00000| Complete 
|1167|0x00000000c8f00000, 0x00000000c9000000, 0x00000000c9000000|100%| E|CS|TAMS 0x00000000c8f00000, 0x00000000c8f00000| Complete 
|1168|0x00000000c9000000, 0x00000000c9100000, 0x00000000c9100000|100%| E|CS|TAMS 0x00000000c9000000, 0x00000000c9000000| Complete 
|1169|0x00000000c9100000, 0x00000000c9200000, 0x00000000c9200000|100%| E|CS|TAMS 0x00000000c9100000, 0x00000000c9100000| Complete 
|1170|0x00000000c9200000, 0x00000000c9300000, 0x00000000c9300000|100%| E|CS|TAMS 0x00000000c9200000, 0x00000000c9200000| Complete 
|1171|0x00000000c9300000, 0x00000000c9400000, 0x00000000c9400000|100%| E|CS|TAMS 0x00000000c9300000, 0x00000000c9300000| Complete 
|1172|0x00000000c9400000, 0x00000000c9500000, 0x00000000c9500000|100%| E|CS|TAMS 0x00000000c9400000, 0x00000000c9400000| Complete 
|1173|0x00000000c9500000, 0x00000000c9600000, 0x00000000c9600000|100%| E|CS|TAMS 0x00000000c9500000, 0x00000000c9500000| Complete 
|1174|0x00000000c9600000, 0x00000000c9700000, 0x00000000c9700000|100%| E|CS|TAMS 0x00000000c9600000, 0x00000000c9600000| Complete 
|1175|0x00000000c9700000, 0x00000000c9800000, 0x00000000c9800000|100%| E|CS|TAMS 0x00000000c9700000, 0x00000000c9700000| Complete 
|1176|0x00000000c9800000, 0x00000000c9900000, 0x00000000c9900000|100%| E|CS|TAMS 0x00000000c9800000, 0x00000000c9800000| Complete 
|1177|0x00000000c9900000, 0x00000000c9a00000, 0x00000000c9a00000|100%| E|CS|TAMS 0x00000000c9900000, 0x00000000c9900000| Complete 
|1178|0x00000000c9a00000, 0x00000000c9b00000, 0x00000000c9b00000|100%| E|CS|TAMS 0x00000000c9a00000, 0x00000000c9a00000| Complete 
|1179|0x00000000c9b00000, 0x00000000c9c00000, 0x00000000c9c00000|100%| E|CS|TAMS 0x00000000c9b00000, 0x00000000c9b00000| Complete 
|1180|0x00000000c9c00000, 0x00000000c9d00000, 0x00000000c9d00000|100%| E|CS|TAMS 0x00000000c9c00000, 0x00000000c9c00000| Complete 
|1181|0x00000000c9d00000, 0x00000000c9e00000, 0x00000000c9e00000|100%| E|CS|TAMS 0x00000000c9d00000, 0x00000000c9d00000| Complete 
|1182|0x00000000c9e00000, 0x00000000c9f00000, 0x00000000c9f00000|100%| E|CS|TAMS 0x00000000c9e00000, 0x00000000c9e00000| Complete 
|1183|0x00000000c9f00000, 0x00000000ca000000, 0x00000000ca000000|100%| E|CS|TAMS 0x00000000c9f00000, 0x00000000c9f00000| Complete 
|1184|0x00000000ca000000, 0x00000000ca100000, 0x00000000ca100000|100%| E|CS|TAMS 0x00000000ca000000, 0x00000000ca000000| Complete 
|1185|0x00000000ca100000, 0x00000000ca200000, 0x00000000ca200000|100%| E|CS|TAMS 0x00000000ca100000, 0x00000000ca100000| Complete 
|1186|0x00000000ca200000, 0x00000000ca300000, 0x00000000ca300000|100%| E|CS|TAMS 0x00000000ca200000, 0x00000000ca200000| Complete 
|1187|0x00000000ca300000, 0x00000000ca400000, 0x00000000ca400000|100%| E|CS|TAMS 0x00000000ca300000, 0x00000000ca300000| Complete 
|1188|0x00000000ca400000, 0x00000000ca500000, 0x00000000ca500000|100%| E|CS|TAMS 0x00000000ca400000, 0x00000000ca400000| Complete 
|1189|0x00000000ca500000, 0x00000000ca600000, 0x00000000ca600000|100%| E|CS|TAMS 0x00000000ca500000, 0x00000000ca500000| Complete 
|1190|0x00000000ca600000, 0x00000000ca700000, 0x00000000ca700000|100%| E|CS|TAMS 0x00000000ca600000, 0x00000000ca600000| Complete 
|1191|0x00000000ca700000, 0x00000000ca800000, 0x00000000ca800000|100%| E|CS|TAMS 0x00000000ca700000, 0x00000000ca700000| Complete 
|1192|0x00000000ca800000, 0x00000000ca900000, 0x00000000ca900000|100%| E|CS|TAMS 0x00000000ca800000, 0x00000000ca800000| Complete 
|1193|0x00000000ca900000, 0x00000000caa00000, 0x00000000caa00000|100%| E|CS|TAMS 0x00000000ca900000, 0x00000000ca900000| Complete 
|1194|0x00000000caa00000, 0x00000000caaffff8, 0x00000000cab00000| 99%| E|CS|TAMS 0x00000000caa00000, 0x00000000caa00000| Complete 
|1195|0x00000000cab00000, 0x00000000cac00000, 0x00000000cac00000|100%| E|CS|TAMS 0x00000000cab00000, 0x00000000cab00000| Complete 
|1196|0x00000000cac00000, 0x00000000cad00000, 0x00000000cad00000|100%| E|CS|TAMS 0x00000000cac00000, 0x00000000cac00000| Complete 
|1197|0x00000000cad00000, 0x00000000cae00000, 0x00000000cae00000|100%| E|CS|TAMS 0x00000000cad00000, 0x00000000cad00000| Complete 
|1198|0x00000000cae00000, 0x00000000caeffff8, 0x00000000caf00000| 99%| E|CS|TAMS 0x00000000cae00000, 0x00000000cae00000| Complete 
|1199|0x00000000caf00000, 0x00000000cb000000, 0x00000000cb000000|100%| E|CS|TAMS 0x00000000caf00000, 0x00000000caf00000| Complete 
|1200|0x00000000cb000000, 0x00000000cb100000, 0x00000000cb100000|100%| E|CS|TAMS 0x00000000cb000000, 0x00000000cb000000| Complete 
|1201|0x00000000cb100000, 0x00000000cb200000, 0x00000000cb200000|100%| E|CS|TAMS 0x00000000cb100000, 0x00000000cb100000| Complete 
|1202|0x00000000cb200000, 0x00000000cb300000, 0x00000000cb300000|100%| E|CS|TAMS 0x00000000cb200000, 0x00000000cb200000| Complete 
|1203|0x00000000cb300000, 0x00000000cb400000, 0x00000000cb400000|100%| E|CS|TAMS 0x00000000cb300000, 0x00000000cb300000| Complete 
|1204|0x00000000cb400000, 0x00000000cb500000, 0x00000000cb500000|100%| E|CS|TAMS 0x00000000cb400000, 0x00000000cb400000| Complete 
|1205|0x00000000cb500000, 0x00000000cb600000, 0x00000000cb600000|100%| E|CS|TAMS 0x00000000cb500000, 0x00000000cb500000| Complete 
|1206|0x00000000cb600000, 0x00000000cb700000, 0x00000000cb700000|100%| E|CS|TAMS 0x00000000cb600000, 0x00000000cb600000| Complete 
|1207|0x00000000cb700000, 0x00000000cb800000, 0x00000000cb800000|100%| E|CS|TAMS 0x00000000cb700000, 0x00000000cb700000| Complete 
|1208|0x00000000cb800000, 0x00000000cb900000, 0x00000000cb900000|100%| E|CS|TAMS 0x00000000cb800000, 0x00000000cb800000| Complete 
|1209|0x00000000cb900000, 0x00000000cba00000, 0x00000000cba00000|100%| E|CS|TAMS 0x00000000cb900000, 0x00000000cb900000| Complete 
|1210|0x00000000cba00000, 0x00000000cbb00000, 0x00000000cbb00000|100%| E|CS|TAMS 0x00000000cba00000, 0x00000000cba00000| Complete 
|1211|0x00000000cbb00000, 0x00000000cbc00000, 0x00000000cbc00000|100%| E|CS|TAMS 0x00000000cbb00000, 0x00000000cbb00000| Complete 
|1212|0x00000000cbc00000, 0x00000000cbd00000, 0x00000000cbd00000|100%| E|CS|TAMS 0x00000000cbc00000, 0x00000000cbc00000| Complete 
|1213|0x00000000cbd00000, 0x00000000cbe00000, 0x00000000cbe00000|100%| E|CS|TAMS 0x00000000cbd00000, 0x00000000cbd00000| Complete 
|1214|0x00000000cbe00000, 0x00000000cbf00000, 0x00000000cbf00000|100%| E|CS|TAMS 0x00000000cbe00000, 0x00000000cbe00000| Complete 
|1215|0x00000000cbf00000, 0x00000000cc000000, 0x00000000cc000000|100%| E|CS|TAMS 0x00000000cbf00000, 0x00000000cbf00000| Complete 
|1216|0x00000000cc000000, 0x00000000cc100000, 0x00000000cc100000|100%| E|CS|TAMS 0x00000000cc000000, 0x00000000cc000000| Complete 
|1217|0x00000000cc100000, 0x00000000cc200000, 0x00000000cc200000|100%| E|CS|TAMS 0x00000000cc100000, 0x00000000cc100000| Complete 
|1218|0x00000000cc200000, 0x00000000cc300000, 0x00000000cc300000|100%| E|CS|TAMS 0x00000000cc200000, 0x00000000cc200000| Complete 
|1219|0x00000000cc300000, 0x00000000cc400000, 0x00000000cc400000|100%| E|CS|TAMS 0x00000000cc300000, 0x00000000cc300000| Complete 
|1220|0x00000000cc400000, 0x00000000cc500000, 0x00000000cc500000|100%| E|CS|TAMS 0x00000000cc400000, 0x00000000cc400000| Complete 
|1221|0x00000000cc500000, 0x00000000cc600000, 0x00000000cc600000|100%| E|CS|TAMS 0x00000000cc500000, 0x00000000cc500000| Complete 
|1222|0x00000000cc600000, 0x00000000cc700000, 0x00000000cc700000|100%| E|CS|TAMS 0x00000000cc600000, 0x00000000cc600000| Complete 
|1223|0x00000000cc700000, 0x00000000cc800000, 0x00000000cc800000|100%| E|CS|TAMS 0x00000000cc700000, 0x00000000cc700000| Complete 
|1224|0x00000000cc800000, 0x00000000cc900000, 0x00000000cc900000|100%| E|CS|TAMS 0x00000000cc800000, 0x00000000cc800000| Complete 
|1225|0x00000000cc900000, 0x00000000cca00000, 0x00000000cca00000|100%| E|CS|TAMS 0x00000000cc900000, 0x00000000cc900000| Complete 
|1226|0x00000000cca00000, 0x00000000ccb00000, 0x00000000ccb00000|100%| E|CS|TAMS 0x00000000cca00000, 0x00000000cca00000| Complete 
|1227|0x00000000ccb00000, 0x00000000ccc00000, 0x00000000ccc00000|100%| E|CS|TAMS 0x00000000ccb00000, 0x00000000ccb00000| Complete 
|1228|0x00000000ccc00000, 0x00000000ccd00000, 0x00000000ccd00000|100%| E|CS|TAMS 0x00000000ccc00000, 0x00000000ccc00000| Complete 
|1229|0x00000000ccd00000, 0x00000000cce00000, 0x00000000cce00000|100%| E|CS|TAMS 0x00000000ccd00000, 0x00000000ccd00000| Complete 
|1230|0x00000000cce00000, 0x00000000ccf00000, 0x00000000ccf00000|100%| E|CS|TAMS 0x00000000cce00000, 0x00000000cce00000| Complete 
|1231|0x00000000ccf00000, 0x00000000cd000000, 0x00000000cd000000|100%| E|CS|TAMS 0x00000000ccf00000, 0x00000000ccf00000| Complete 
|1232|0x00000000cd000000, 0x00000000cd100000, 0x00000000cd100000|100%| E|CS|TAMS 0x00000000cd000000, 0x00000000cd000000| Complete 
|1233|0x00000000cd100000, 0x00000000cd200000, 0x00000000cd200000|100%| E|CS|TAMS 0x00000000cd100000, 0x00000000cd100000| Complete 
|1234|0x00000000cd200000, 0x00000000cd300000, 0x00000000cd300000|100%| E|CS|TAMS 0x00000000cd200000, 0x00000000cd200000| Complete 
|1235|0x00000000cd300000, 0x00000000cd400000, 0x00000000cd400000|100%| E|CS|TAMS 0x00000000cd300000, 0x00000000cd300000| Complete 
|1236|0x00000000cd400000, 0x00000000cd500000, 0x00000000cd500000|100%| E|CS|TAMS 0x00000000cd400000, 0x00000000cd400000| Complete 
|1237|0x00000000cd500000, 0x00000000cd600000, 0x00000000cd600000|100%| E|CS|TAMS 0x00000000cd500000, 0x00000000cd500000| Complete 
|1238|0x00000000cd600000, 0x00000000cd700000, 0x00000000cd700000|100%| E|CS|TAMS 0x00000000cd600000, 0x00000000cd600000| Complete 
|1239|0x00000000cd700000, 0x00000000cd800000, 0x00000000cd800000|100%| E|CS|TAMS 0x00000000cd700000, 0x00000000cd700000| Complete 
|1240|0x00000000cd800000, 0x00000000cd900000, 0x00000000cd900000|100%| E|CS|TAMS 0x00000000cd800000, 0x00000000cd800000| Complete 
|1241|0x00000000cd900000, 0x00000000cda00000, 0x00000000cda00000|100%| E|CS|TAMS 0x00000000cd900000, 0x00000000cd900000| Complete 
|1242|0x00000000cda00000, 0x00000000cdb00000, 0x00000000cdb00000|100%| E|CS|TAMS 0x00000000cda00000, 0x00000000cda00000| Complete 
|1243|0x00000000cdb00000, 0x00000000cdc00000, 0x00000000cdc00000|100%| E|CS|TAMS 0x00000000cdb00000, 0x00000000cdb00000| Complete 
|1244|0x00000000cdc00000, 0x00000000cdd00000, 0x00000000cdd00000|100%| E|CS|TAMS 0x00000000cdc00000, 0x00000000cdc00000| Complete 
|1245|0x00000000cdd00000, 0x00000000cde00000, 0x00000000cde00000|100%| E|CS|TAMS 0x00000000cdd00000, 0x00000000cdd00000| Complete 
|1246|0x00000000cde00000, 0x00000000cdf00000, 0x00000000cdf00000|100%| E|CS|TAMS 0x00000000cde00000, 0x00000000cde00000| Complete 
|1247|0x00000000cdf00000, 0x00000000ce000000, 0x00000000ce000000|100%| E|CS|TAMS 0x00000000cdf00000, 0x00000000cdf00000| Complete 
|1248|0x00000000ce000000, 0x00000000ce100000, 0x00000000ce100000|100%| E|CS|TAMS 0x00000000ce000000, 0x00000000ce000000| Complete 
|1249|0x00000000ce100000, 0x00000000ce200000, 0x00000000ce200000|100%| E|CS|TAMS 0x00000000ce100000, 0x00000000ce100000| Complete 
|1250|0x00000000ce200000, 0x00000000ce300000, 0x00000000ce300000|100%| E|CS|TAMS 0x00000000ce200000, 0x00000000ce200000| Complete 
|1251|0x00000000ce300000, 0x00000000ce400000, 0x00000000ce400000|100%| E|CS|TAMS 0x00000000ce300000, 0x00000000ce300000| Complete 
|1252|0x00000000ce400000, 0x00000000ce500000, 0x00000000ce500000|100%| E|CS|TAMS 0x00000000ce400000, 0x00000000ce400000| Complete 
|1253|0x00000000ce500000, 0x00000000ce5ffff8, 0x00000000ce600000| 99%| E|CS|TAMS 0x00000000ce500000, 0x00000000ce500000| Complete 
|1254|0x00000000ce600000, 0x00000000ce700000, 0x00000000ce700000|100%| E|CS|TAMS 0x00000000ce600000, 0x00000000ce600000| Complete 
|1255|0x00000000ce700000, 0x00000000ce800000, 0x00000000ce800000|100%| E|CS|TAMS 0x00000000ce700000, 0x00000000ce700000| Complete 
|1256|0x00000000ce800000, 0x00000000ce900000, 0x00000000ce900000|100%| E|CS|TAMS 0x00000000ce800000, 0x00000000ce800000| Complete 
|1257|0x00000000ce900000, 0x00000000cea00000, 0x00000000cea00000|100%| E|CS|TAMS 0x00000000ce900000, 0x00000000ce900000| Complete 
|1258|0x00000000cea00000, 0x00000000ceb00000, 0x00000000ceb00000|100%| E|CS|TAMS 0x00000000cea00000, 0x00000000cea00000| Complete 
|1259|0x00000000ceb00000, 0x00000000cec00000, 0x00000000cec00000|100%| E|CS|TAMS 0x00000000ceb00000, 0x00000000ceb00000| Complete 
|1260|0x00000000cec00000, 0x00000000ced00000, 0x00000000ced00000|100%| E|CS|TAMS 0x00000000cec00000, 0x00000000cec00000| Complete 
|1261|0x00000000ced00000, 0x00000000cee00000, 0x00000000cee00000|100%| E|CS|TAMS 0x00000000ced00000, 0x00000000ced00000| Complete 
|1262|0x00000000cee00000, 0x00000000cef00000, 0x00000000cef00000|100%| E|CS|TAMS 0x00000000cee00000, 0x00000000cee00000| Complete 
|1263|0x00000000cef00000, 0x00000000cf000000, 0x00000000cf000000|100%| E|CS|TAMS 0x00000000cef00000, 0x00000000cef00000| Complete 
|1264|0x00000000cf000000, 0x00000000cf100000, 0x00000000cf100000|100%| E|CS|TAMS 0x00000000cf000000, 0x00000000cf000000| Complete 
|1265|0x00000000cf100000, 0x00000000cf200000, 0x00000000cf200000|100%| E|CS|TAMS 0x00000000cf100000, 0x00000000cf100000| Complete 
|1266|0x00000000cf200000, 0x00000000cf300000, 0x00000000cf300000|100%| E|CS|TAMS 0x00000000cf200000, 0x00000000cf200000| Complete 
|1267|0x00000000cf300000, 0x00000000cf400000, 0x00000000cf400000|100%| E|CS|TAMS 0x00000000cf300000, 0x00000000cf300000| Complete 
|1268|0x00000000cf400000, 0x00000000cf500000, 0x00000000cf500000|100%| E|CS|TAMS 0x00000000cf400000, 0x00000000cf400000| Complete 
|1269|0x00000000cf500000, 0x00000000cf600000, 0x00000000cf600000|100%| E|CS|TAMS 0x00000000cf500000, 0x00000000cf500000| Complete 
|1270|0x00000000cf600000, 0x00000000cf700000, 0x00000000cf700000|100%| E|CS|TAMS 0x00000000cf600000, 0x00000000cf600000| Complete 
|1271|0x00000000cf700000, 0x00000000cf800000, 0x00000000cf800000|100%| E|CS|TAMS 0x00000000cf700000, 0x00000000cf700000| Complete 
|1272|0x00000000cf800000, 0x00000000cf900000, 0x00000000cf900000|100%| E|CS|TAMS 0x00000000cf800000, 0x00000000cf800000| Complete 
|1273|0x00000000cf900000, 0x00000000cfa00000, 0x00000000cfa00000|100%| E|CS|TAMS 0x00000000cf900000, 0x00000000cf900000| Complete 
|1274|0x00000000cfa00000, 0x00000000cfb00000, 0x00000000cfb00000|100%| E|CS|TAMS 0x00000000cfa00000, 0x00000000cfa00000| Complete 
|1275|0x00000000cfb00000, 0x00000000cfc00000, 0x00000000cfc00000|100%| E|CS|TAMS 0x00000000cfb00000, 0x00000000cfb00000| Complete 
|1276|0x00000000cfc00000, 0x00000000cfd00000, 0x00000000cfd00000|100%| E|CS|TAMS 0x00000000cfc00000, 0x00000000cfc00000| Complete 
|1277|0x00000000cfd00000, 0x00000000cfe00000, 0x00000000cfe00000|100%| E|CS|TAMS 0x00000000cfd00000, 0x00000000cfd00000| Complete 
|1278|0x00000000cfe00000, 0x00000000cff00000, 0x00000000cff00000|100%| E|CS|TAMS 0x00000000cfe00000, 0x00000000cfe00000| Complete 
|1279|0x00000000cff00000, 0x00000000d0000000, 0x00000000d0000000|100%| E|CS|TAMS 0x00000000cff00000, 0x00000000cff00000| Complete 
|1280|0x00000000d0000000, 0x00000000d0100000, 0x00000000d0100000|100%| E|CS|TAMS 0x00000000d0000000, 0x00000000d0000000| Complete 
|1281|0x00000000d0100000, 0x00000000d0200000, 0x00000000d0200000|100%| E|CS|TAMS 0x00000000d0100000, 0x00000000d0100000| Complete 
|1282|0x00000000d0200000, 0x00000000d0300000, 0x00000000d0300000|100%| E|CS|TAMS 0x00000000d0200000, 0x00000000d0200000| Complete 
|1283|0x00000000d0300000, 0x00000000d0400000, 0x00000000d0400000|100%| E|CS|TAMS 0x00000000d0300000, 0x00000000d0300000| Complete 
|1284|0x00000000d0400000, 0x00000000d0500000, 0x00000000d0500000|100%| E|CS|TAMS 0x00000000d0400000, 0x00000000d0400000| Complete 
|1285|0x00000000d0500000, 0x00000000d0600000, 0x00000000d0600000|100%| E|CS|TAMS 0x00000000d0500000, 0x00000000d0500000| Complete 
|1286|0x00000000d0600000, 0x00000000d0700000, 0x00000000d0700000|100%| E|CS|TAMS 0x00000000d0600000, 0x00000000d0600000| Complete 
|1287|0x00000000d0700000, 0x00000000d0800000, 0x00000000d0800000|100%| E|CS|TAMS 0x00000000d0700000, 0x00000000d0700000| Complete 
|1288|0x00000000d0800000, 0x00000000d0900000, 0x00000000d0900000|100%| E|CS|TAMS 0x00000000d0800000, 0x00000000d0800000| Complete 
|1289|0x00000000d0900000, 0x00000000d0a00000, 0x00000000d0a00000|100%| E|CS|TAMS 0x00000000d0900000, 0x00000000d0900000| Complete 
|1290|0x00000000d0a00000, 0x00000000d0b00000, 0x00000000d0b00000|100%| E|CS|TAMS 0x00000000d0a00000, 0x00000000d0a00000| Complete 
|1291|0x00000000d0b00000, 0x00000000d0c00000, 0x00000000d0c00000|100%| E|CS|TAMS 0x00000000d0b00000, 0x00000000d0b00000| Complete 
|1292|0x00000000d0c00000, 0x00000000d0d00000, 0x00000000d0d00000|100%| E|CS|TAMS 0x00000000d0c00000, 0x00000000d0c00000| Complete 
|1293|0x00000000d0d00000, 0x00000000d0e00000, 0x00000000d0e00000|100%| E|CS|TAMS 0x00000000d0d00000, 0x00000000d0d00000| Complete 
|1294|0x00000000d0e00000, 0x00000000d0f00000, 0x00000000d0f00000|100%| E|CS|TAMS 0x00000000d0e00000, 0x00000000d0e00000| Complete 
|1295|0x00000000d0f00000, 0x00000000d1000000, 0x00000000d1000000|100%| E|CS|TAMS 0x00000000d0f00000, 0x00000000d0f00000| Complete 
|1296|0x00000000d1000000, 0x00000000d1100000, 0x00000000d1100000|100%| E|CS|TAMS 0x00000000d1000000, 0x00000000d1000000| Complete 
|1297|0x00000000d1100000, 0x00000000d1200000, 0x00000000d1200000|100%| E|CS|TAMS 0x00000000d1100000, 0x00000000d1100000| Complete 
|1298|0x00000000d1200000, 0x00000000d1300000, 0x00000000d1300000|100%| E|CS|TAMS 0x00000000d1200000, 0x00000000d1200000| Complete 
|1299|0x00000000d1300000, 0x00000000d1400000, 0x00000000d1400000|100%| E|CS|TAMS 0x00000000d1300000, 0x00000000d1300000| Complete 
|1300|0x00000000d1400000, 0x00000000d1500000, 0x00000000d1500000|100%| E|CS|TAMS 0x00000000d1400000, 0x00000000d1400000| Complete 
|1301|0x00000000d1500000, 0x00000000d1600000, 0x00000000d1600000|100%| E|CS|TAMS 0x00000000d1500000, 0x00000000d1500000| Complete 
|1302|0x00000000d1600000, 0x00000000d1700000, 0x00000000d1700000|100%| E|CS|TAMS 0x00000000d1600000, 0x00000000d1600000| Complete 
|1303|0x00000000d1700000, 0x00000000d1800000, 0x00000000d1800000|100%| E|CS|TAMS 0x00000000d1700000, 0x00000000d1700000| Complete 
|1304|0x00000000d1800000, 0x00000000d1900000, 0x00000000d1900000|100%| E|CS|TAMS 0x00000000d1800000, 0x00000000d1800000| Complete 
|1305|0x00000000d1900000, 0x00000000d1a00000, 0x00000000d1a00000|100%| E|CS|TAMS 0x00000000d1900000, 0x00000000d1900000| Complete 
|1306|0x00000000d1a00000, 0x00000000d1b00000, 0x00000000d1b00000|100%| E|CS|TAMS 0x00000000d1a00000, 0x00000000d1a00000| Complete 
|1307|0x00000000d1b00000, 0x00000000d1c00000, 0x00000000d1c00000|100%| E|CS|TAMS 0x00000000d1b00000, 0x00000000d1b00000| Complete 
|1308|0x00000000d1c00000, 0x00000000d1d00000, 0x00000000d1d00000|100%| E|CS|TAMS 0x00000000d1c00000, 0x00000000d1c00000| Complete 
|1309|0x00000000d1d00000, 0x00000000d1e00000, 0x00000000d1e00000|100%| E|CS|TAMS 0x00000000d1d00000, 0x00000000d1d00000| Complete 
|1310|0x00000000d1e00000, 0x00000000d1f00000, 0x00000000d1f00000|100%| E|CS|TAMS 0x00000000d1e00000, 0x00000000d1e00000| Complete 
|1311|0x00000000d1f00000, 0x00000000d2000000, 0x00000000d2000000|100%| E|CS|TAMS 0x00000000d1f00000, 0x00000000d1f00000| Complete 
|1312|0x00000000d2000000, 0x00000000d2100000, 0x00000000d2100000|100%| E|CS|TAMS 0x00000000d2000000, 0x00000000d2000000| Complete 
|1313|0x00000000d2100000, 0x00000000d2200000, 0x00000000d2200000|100%| E|CS|TAMS 0x00000000d2100000, 0x00000000d2100000| Complete 
|1314|0x00000000d2200000, 0x00000000d2300000, 0x00000000d2300000|100%| E|CS|TAMS 0x00000000d2200000, 0x00000000d2200000| Complete 
|1315|0x00000000d2300000, 0x00000000d2400000, 0x00000000d2400000|100%| E|CS|TAMS 0x00000000d2300000, 0x00000000d2300000| Complete 
|1316|0x00000000d2400000, 0x00000000d2500000, 0x00000000d2500000|100%| E|CS|TAMS 0x00000000d2400000, 0x00000000d2400000| Complete 
|1317|0x00000000d2500000, 0x00000000d2600000, 0x00000000d2600000|100%| E|CS|TAMS 0x00000000d2500000, 0x00000000d2500000| Complete 
|1318|0x00000000d2600000, 0x00000000d2700000, 0x00000000d2700000|100%| E|CS|TAMS 0x00000000d2600000, 0x00000000d2600000| Complete 
|1319|0x00000000d2700000, 0x00000000d2800000, 0x00000000d2800000|100%| E|CS|TAMS 0x00000000d2700000, 0x00000000d2700000| Complete 
|1320|0x00000000d2800000, 0x00000000d2900000, 0x00000000d2900000|100%| E|CS|TAMS 0x00000000d2800000, 0x00000000d2800000| Complete 
|1321|0x00000000d2900000, 0x00000000d2a00000, 0x00000000d2a00000|100%| E|CS|TAMS 0x00000000d2900000, 0x00000000d2900000| Complete 
|1322|0x00000000d2a00000, 0x00000000d2b00000, 0x00000000d2b00000|100%| E|CS|TAMS 0x00000000d2a00000, 0x00000000d2a00000| Complete 
|1323|0x00000000d2b00000, 0x00000000d2c00000, 0x00000000d2c00000|100%| E|CS|TAMS 0x00000000d2b00000, 0x00000000d2b00000| Complete 
|1324|0x00000000d2c00000, 0x00000000d2d00000, 0x00000000d2d00000|100%| E|CS|TAMS 0x00000000d2c00000, 0x00000000d2c00000| Complete 
|1325|0x00000000d2d00000, 0x00000000d2e00000, 0x00000000d2e00000|100%| E|CS|TAMS 0x00000000d2d00000, 0x00000000d2d00000| Complete 
|1326|0x00000000d2e00000, 0x00000000d2f00000, 0x00000000d2f00000|100%| E|CS|TAMS 0x00000000d2e00000, 0x00000000d2e00000| Complete 
|1327|0x00000000d2f00000, 0x00000000d3000000, 0x00000000d3000000|100%| E|CS|TAMS 0x00000000d2f00000, 0x00000000d2f00000| Complete 
|1328|0x00000000d3000000, 0x00000000d3100000, 0x00000000d3100000|100%| E|CS|TAMS 0x00000000d3000000, 0x00000000d3000000| Complete 
|1329|0x00000000d3100000, 0x00000000d3200000, 0x00000000d3200000|100%| E|CS|TAMS 0x00000000d3100000, 0x00000000d3100000| Complete 
|1330|0x00000000d3200000, 0x00000000d3300000, 0x00000000d3300000|100%| E|CS|TAMS 0x00000000d3200000, 0x00000000d3200000| Complete 
|1331|0x00000000d3300000, 0x00000000d3400000, 0x00000000d3400000|100%| E|CS|TAMS 0x00000000d3300000, 0x00000000d3300000| Complete 
|1332|0x00000000d3400000, 0x00000000d3500000, 0x00000000d3500000|100%| E|CS|TAMS 0x00000000d3400000, 0x00000000d3400000| Complete 
|1333|0x00000000d3500000, 0x00000000d3600000, 0x00000000d3600000|100%| E|CS|TAMS 0x00000000d3500000, 0x00000000d3500000| Complete 
|1334|0x00000000d3600000, 0x00000000d3700000, 0x00000000d3700000|100%| E|CS|TAMS 0x00000000d3600000, 0x00000000d3600000| Complete 
|1335|0x00000000d3700000, 0x00000000d3800000, 0x00000000d3800000|100%| E|CS|TAMS 0x00000000d3700000, 0x00000000d3700000| Complete 
|1336|0x00000000d3800000, 0x00000000d3900000, 0x00000000d3900000|100%| E|CS|TAMS 0x00000000d3800000, 0x00000000d3800000| Complete 
|1337|0x00000000d3900000, 0x00000000d3a00000, 0x00000000d3a00000|100%| E|CS|TAMS 0x00000000d3900000, 0x00000000d3900000| Complete 
|1338|0x00000000d3a00000, 0x00000000d3b00000, 0x00000000d3b00000|100%| E|CS|TAMS 0x00000000d3a00000, 0x00000000d3a00000| Complete 
|1339|0x00000000d3b00000, 0x00000000d3c00000, 0x00000000d3c00000|100%| E|CS|TAMS 0x00000000d3b00000, 0x00000000d3b00000| Complete 
|1340|0x00000000d3c00000, 0x00000000d3d00000, 0x00000000d3d00000|100%| E|CS|TAMS 0x00000000d3c00000, 0x00000000d3c00000| Complete 
|1341|0x00000000d3d00000, 0x00000000d3e00000, 0x00000000d3e00000|100%| E|CS|TAMS 0x00000000d3d00000, 0x00000000d3d00000| Complete 
|1342|0x00000000d3e00000, 0x00000000d3f00000, 0x00000000d3f00000|100%| E|CS|TAMS 0x00000000d3e00000, 0x00000000d3e00000| Complete 
|1343|0x00000000d3f00000, 0x00000000d4000000, 0x00000000d4000000|100%| E|CS|TAMS 0x00000000d3f00000, 0x00000000d3f00000| Complete 
|1344|0x00000000d4000000, 0x00000000d4100000, 0x00000000d4100000|100%| E|CS|TAMS 0x00000000d4000000, 0x00000000d4000000| Complete 
|1345|0x00000000d4100000, 0x00000000d4200000, 0x00000000d4200000|100%| E|CS|TAMS 0x00000000d4100000, 0x00000000d4100000| Complete 
|1346|0x00000000d4200000, 0x00000000d4300000, 0x00000000d4300000|100%| E|CS|TAMS 0x00000000d4200000, 0x00000000d4200000| Complete 
|1347|0x00000000d4300000, 0x00000000d4400000, 0x00000000d4400000|100%| E|CS|TAMS 0x00000000d4300000, 0x00000000d4300000| Complete 
|1348|0x00000000d4400000, 0x00000000d4500000, 0x00000000d4500000|100%| E|CS|TAMS 0x00000000d4400000, 0x00000000d4400000| Complete 
|1349|0x00000000d4500000, 0x00000000d4600000, 0x00000000d4600000|100%| E|CS|TAMS 0x00000000d4500000, 0x00000000d4500000| Complete 
|1350|0x00000000d4600000, 0x00000000d4700000, 0x00000000d4700000|100%| E|CS|TAMS 0x00000000d4600000, 0x00000000d4600000| Complete 
|1351|0x00000000d4700000, 0x00000000d4800000, 0x00000000d4800000|100%| E|CS|TAMS 0x00000000d4700000, 0x00000000d4700000| Complete 
|1352|0x00000000d4800000, 0x00000000d4900000, 0x00000000d4900000|100%| E|CS|TAMS 0x00000000d4800000, 0x00000000d4800000| Complete 
|1353|0x00000000d4900000, 0x00000000d4a00000, 0x00000000d4a00000|100%| E|CS|TAMS 0x00000000d4900000, 0x00000000d4900000| Complete 
|1354|0x00000000d4a00000, 0x00000000d4b00000, 0x00000000d4b00000|100%| E|CS|TAMS 0x00000000d4a00000, 0x00000000d4a00000| Complete 
|1355|0x00000000d4b00000, 0x00000000d4c00000, 0x00000000d4c00000|100%| E|CS|TAMS 0x00000000d4b00000, 0x00000000d4b00000| Complete 
|1356|0x00000000d4c00000, 0x00000000d4d00000, 0x00000000d4d00000|100%| E|CS|TAMS 0x00000000d4c00000, 0x00000000d4c00000| Complete 
|1357|0x00000000d4d00000, 0x00000000d4e00000, 0x00000000d4e00000|100%| E|CS|TAMS 0x00000000d4d00000, 0x00000000d4d00000| Complete 
|1358|0x00000000d4e00000, 0x00000000d4f00000, 0x00000000d4f00000|100%| E|CS|TAMS 0x00000000d4e00000, 0x00000000d4e00000| Complete 
|1359|0x00000000d4f00000, 0x00000000d5000000, 0x00000000d5000000|100%| E|CS|TAMS 0x00000000d4f00000, 0x00000000d4f00000| Complete 
|1360|0x00000000d5000000, 0x00000000d5100000, 0x00000000d5100000|100%| E|CS|TAMS 0x00000000d5000000, 0x00000000d5000000| Complete 
|1361|0x00000000d5100000, 0x00000000d5200000, 0x00000000d5200000|100%| E|CS|TAMS 0x00000000d5100000, 0x00000000d5100000| Complete 
|1362|0x00000000d5200000, 0x00000000d5300000, 0x00000000d5300000|100%| E|CS|TAMS 0x00000000d5200000, 0x00000000d5200000| Complete 
|1363|0x00000000d5300000, 0x00000000d5400000, 0x00000000d5400000|100%| E|CS|TAMS 0x00000000d5300000, 0x00000000d5300000| Complete 
|1364|0x00000000d5400000, 0x00000000d5500000, 0x00000000d5500000|100%| E|CS|TAMS 0x00000000d5400000, 0x00000000d5400000| Complete 
|1365|0x00000000d5500000, 0x00000000d5600000, 0x00000000d5600000|100%| E|CS|TAMS 0x00000000d5500000, 0x00000000d5500000| Complete 
|1366|0x00000000d5600000, 0x00000000d5700000, 0x00000000d5700000|100%| E|CS|TAMS 0x00000000d5600000, 0x00000000d5600000| Complete 
|1367|0x00000000d5700000, 0x00000000d5800000, 0x00000000d5800000|100%| E|CS|TAMS 0x00000000d5700000, 0x00000000d5700000| Complete 
|1368|0x00000000d5800000, 0x00000000d5900000, 0x00000000d5900000|100%| E|CS|TAMS 0x00000000d5800000, 0x00000000d5800000| Complete 
|1369|0x00000000d5900000, 0x00000000d5a00000, 0x00000000d5a00000|100%| E|CS|TAMS 0x00000000d5900000, 0x00000000d5900000| Complete 
|1370|0x00000000d5a00000, 0x00000000d5b00000, 0x00000000d5b00000|100%| E|CS|TAMS 0x00000000d5a00000, 0x00000000d5a00000| Complete 
|1371|0x00000000d5b00000, 0x00000000d5c00000, 0x00000000d5c00000|100%| E|CS|TAMS 0x00000000d5b00000, 0x00000000d5b00000| Complete 
|1372|0x00000000d5c00000, 0x00000000d5d00000, 0x00000000d5d00000|100%| E|CS|TAMS 0x00000000d5c00000, 0x00000000d5c00000| Complete 
|1373|0x00000000d5d00000, 0x00000000d5e00000, 0x00000000d5e00000|100%| E|CS|TAMS 0x00000000d5d00000, 0x00000000d5d00000| Complete 
|1374|0x00000000d5e00000, 0x00000000d5f00000, 0x00000000d5f00000|100%| E|CS|TAMS 0x00000000d5e00000, 0x00000000d5e00000| Complete 
|1375|0x00000000d5f00000, 0x00000000d6000000, 0x00000000d6000000|100%| E|CS|TAMS 0x00000000d5f00000, 0x00000000d5f00000| Complete 
|1376|0x00000000d6000000, 0x00000000d6100000, 0x00000000d6100000|100%| E|CS|TAMS 0x00000000d6000000, 0x00000000d6000000| Complete 
|1377|0x00000000d6100000, 0x00000000d6200000, 0x00000000d6200000|100%| E|CS|TAMS 0x00000000d6100000, 0x00000000d6100000| Complete 
|1378|0x00000000d6200000, 0x00000000d6300000, 0x00000000d6300000|100%| E|CS|TAMS 0x00000000d6200000, 0x00000000d6200000| Complete 
|1379|0x00000000d6300000, 0x00000000d6400000, 0x00000000d6400000|100%| E|CS|TAMS 0x00000000d6300000, 0x00000000d6300000| Complete 
|1380|0x00000000d6400000, 0x00000000d6500000, 0x00000000d6500000|100%| E|CS|TAMS 0x00000000d6400000, 0x00000000d6400000| Complete 
|1381|0x00000000d6500000, 0x00000000d6600000, 0x00000000d6600000|100%| E|CS|TAMS 0x00000000d6500000, 0x00000000d6500000| Complete 
|1382|0x00000000d6600000, 0x00000000d6700000, 0x00000000d6700000|100%| E|CS|TAMS 0x00000000d6600000, 0x00000000d6600000| Complete 
|1383|0x00000000d6700000, 0x00000000d6800000, 0x00000000d6800000|100%| E|CS|TAMS 0x00000000d6700000, 0x00000000d6700000| Complete 
|1384|0x00000000d6800000, 0x00000000d6900000, 0x00000000d6900000|100%| E|CS|TAMS 0x00000000d6800000, 0x00000000d6800000| Complete 
|1385|0x00000000d6900000, 0x00000000d6a00000, 0x00000000d6a00000|100%| E|CS|TAMS 0x00000000d6900000, 0x00000000d6900000| Complete 
|1386|0x00000000d6a00000, 0x00000000d6b00000, 0x00000000d6b00000|100%| E|CS|TAMS 0x00000000d6a00000, 0x00000000d6a00000| Complete 
|1387|0x00000000d6b00000, 0x00000000d6c00000, 0x00000000d6c00000|100%| E|CS|TAMS 0x00000000d6b00000, 0x00000000d6b00000| Complete 
|1388|0x00000000d6c00000, 0x00000000d6d00000, 0x00000000d6d00000|100%| E|CS|TAMS 0x00000000d6c00000, 0x00000000d6c00000| Complete 
|1389|0x00000000d6d00000, 0x00000000d6e00000, 0x00000000d6e00000|100%| E|CS|TAMS 0x00000000d6d00000, 0x00000000d6d00000| Complete 
|1390|0x00000000d6e00000, 0x00000000d6f00000, 0x00000000d6f00000|100%| E|CS|TAMS 0x00000000d6e00000, 0x00000000d6e00000| Complete 
|1391|0x00000000d6f00000, 0x00000000d7000000, 0x00000000d7000000|100%| E|CS|TAMS 0x00000000d6f00000, 0x00000000d6f00000| Complete 
|1392|0x00000000d7000000, 0x00000000d7100000, 0x00000000d7100000|100%| E|CS|TAMS 0x00000000d7000000, 0x00000000d7000000| Complete 
|1393|0x00000000d7100000, 0x00000000d7200000, 0x00000000d7200000|100%| E|CS|TAMS 0x00000000d7100000, 0x00000000d7100000| Complete 
|1394|0x00000000d7200000, 0x00000000d7300000, 0x00000000d7300000|100%| E|CS|TAMS 0x00000000d7200000, 0x00000000d7200000| Complete 
|1395|0x00000000d7300000, 0x00000000d7400000, 0x00000000d7400000|100%| E|CS|TAMS 0x00000000d7300000, 0x00000000d7300000| Complete 
|1396|0x00000000d7400000, 0x00000000d7500000, 0x00000000d7500000|100%| E|CS|TAMS 0x00000000d7400000, 0x00000000d7400000| Complete 
|1397|0x00000000d7500000, 0x00000000d7600000, 0x00000000d7600000|100%| E|CS|TAMS 0x00000000d7500000, 0x00000000d7500000| Complete 
|1398|0x00000000d7600000, 0x00000000d7700000, 0x00000000d7700000|100%| E|CS|TAMS 0x00000000d7600000, 0x00000000d7600000| Complete 
|1399|0x00000000d7700000, 0x00000000d7800000, 0x00000000d7800000|100%| E|CS|TAMS 0x00000000d7700000, 0x00000000d7700000| Complete 
|1400|0x00000000d7800000, 0x00000000d7900000, 0x00000000d7900000|100%| E|CS|TAMS 0x00000000d7800000, 0x00000000d7800000| Complete 
|1401|0x00000000d7900000, 0x00000000d7a00000, 0x00000000d7a00000|100%| E|CS|TAMS 0x00000000d7900000, 0x00000000d7900000| Complete 
|1402|0x00000000d7a00000, 0x00000000d7b00000, 0x00000000d7b00000|100%| E|CS|TAMS 0x00000000d7a00000, 0x00000000d7a00000| Complete 
|1403|0x00000000d7b00000, 0x00000000d7c00000, 0x00000000d7c00000|100%| E|CS|TAMS 0x00000000d7b00000, 0x00000000d7b00000| Complete 
|1404|0x00000000d7c00000, 0x00000000d7d00000, 0x00000000d7d00000|100%| E|CS|TAMS 0x00000000d7c00000, 0x00000000d7c00000| Complete 
|1405|0x00000000d7d00000, 0x00000000d7e00000, 0x00000000d7e00000|100%| E|CS|TAMS 0x00000000d7d00000, 0x00000000d7d00000| Complete 
|1406|0x00000000d7e00000, 0x00000000d7f00000, 0x00000000d7f00000|100%| E|CS|TAMS 0x00000000d7e00000, 0x00000000d7e00000| Complete 
|1407|0x00000000d7f00000, 0x00000000d8000000, 0x00000000d8000000|100%| E|CS|TAMS 0x00000000d7f00000, 0x00000000d7f00000| Complete 
|1408|0x00000000d8000000, 0x00000000d8100000, 0x00000000d8100000|100%| E|CS|TAMS 0x00000000d8000000, 0x00000000d8000000| Complete 
|1409|0x00000000d8100000, 0x00000000d8200000, 0x00000000d8200000|100%| E|CS|TAMS 0x00000000d8100000, 0x00000000d8100000| Complete 
|1410|0x00000000d8200000, 0x00000000d8300000, 0x00000000d8300000|100%| E|CS|TAMS 0x00000000d8200000, 0x00000000d8200000| Complete 
|1411|0x00000000d8300000, 0x00000000d8400000, 0x00000000d8400000|100%| E|CS|TAMS 0x00000000d8300000, 0x00000000d8300000| Complete 
|1412|0x00000000d8400000, 0x00000000d8500000, 0x00000000d8500000|100%| E|CS|TAMS 0x00000000d8400000, 0x00000000d8400000| Complete 
|1413|0x00000000d8500000, 0x00000000d8600000, 0x00000000d8600000|100%| E|CS|TAMS 0x00000000d8500000, 0x00000000d8500000| Complete 
|1414|0x00000000d8600000, 0x00000000d8700000, 0x00000000d8700000|100%| E|CS|TAMS 0x00000000d8600000, 0x00000000d8600000| Complete 
|1415|0x00000000d8700000, 0x00000000d8800000, 0x00000000d8800000|100%| E|CS|TAMS 0x00000000d8700000, 0x00000000d8700000| Complete 
|1416|0x00000000d8800000, 0x00000000d8900000, 0x00000000d8900000|100%| E|CS|TAMS 0x00000000d8800000, 0x00000000d8800000| Complete 
|1417|0x00000000d8900000, 0x00000000d8a00000, 0x00000000d8a00000|100%| E|CS|TAMS 0x00000000d8900000, 0x00000000d8900000| Complete 
|1418|0x00000000d8a00000, 0x00000000d8b00000, 0x00000000d8b00000|100%| E|CS|TAMS 0x00000000d8a00000, 0x00000000d8a00000| Complete 
|1419|0x00000000d8b00000, 0x00000000d8c00000, 0x00000000d8c00000|100%| E|CS|TAMS 0x00000000d8b00000, 0x00000000d8b00000| Complete 
|1420|0x00000000d8c00000, 0x00000000d8d00000, 0x00000000d8d00000|100%| E|CS|TAMS 0x00000000d8c00000, 0x00000000d8c00000| Complete 
|1421|0x00000000d8d00000, 0x00000000d8e00000, 0x00000000d8e00000|100%| E|CS|TAMS 0x00000000d8d00000, 0x00000000d8d00000| Complete 
|1422|0x00000000d8e00000, 0x00000000d8f00000, 0x00000000d8f00000|100%| E|CS|TAMS 0x00000000d8e00000, 0x00000000d8e00000| Complete 
|1423|0x00000000d8f00000, 0x00000000d9000000, 0x00000000d9000000|100%| E|CS|TAMS 0x00000000d8f00000, 0x00000000d8f00000| Complete 
|1424|0x00000000d9000000, 0x00000000d9100000, 0x00000000d9100000|100%| E|CS|TAMS 0x00000000d9000000, 0x00000000d9000000| Complete 
|1425|0x00000000d9100000, 0x00000000d9200000, 0x00000000d9200000|100%| E|CS|TAMS 0x00000000d9100000, 0x00000000d9100000| Complete 
|1426|0x00000000d9200000, 0x00000000d9300000, 0x00000000d9300000|100%| E|CS|TAMS 0x00000000d9200000, 0x00000000d9200000| Complete 
|1427|0x00000000d9300000, 0x00000000d9400000, 0x00000000d9400000|100%| E|CS|TAMS 0x00000000d9300000, 0x00000000d9300000| Complete 
|1428|0x00000000d9400000, 0x00000000d9500000, 0x00000000d9500000|100%| E|CS|TAMS 0x00000000d9400000, 0x00000000d9400000| Complete 
|1429|0x00000000d9500000, 0x00000000d9600000, 0x00000000d9600000|100%| E|CS|TAMS 0x00000000d9500000, 0x00000000d9500000| Complete 
|1430|0x00000000d9600000, 0x00000000d9700000, 0x00000000d9700000|100%| E|CS|TAMS 0x00000000d9600000, 0x00000000d9600000| Complete 
|1431|0x00000000d9700000, 0x00000000d9800000, 0x00000000d9800000|100%| E|CS|TAMS 0x00000000d9700000, 0x00000000d9700000| Complete 
|1432|0x00000000d9800000, 0x00000000d9900000, 0x00000000d9900000|100%| E|CS|TAMS 0x00000000d9800000, 0x00000000d9800000| Complete 
|1433|0x00000000d9900000, 0x00000000d9a00000, 0x00000000d9a00000|100%| E|CS|TAMS 0x00000000d9900000, 0x00000000d9900000| Complete 
|1434|0x00000000d9a00000, 0x00000000d9b00000, 0x00000000d9b00000|100%| E|CS|TAMS 0x00000000d9a00000, 0x00000000d9a00000| Complete 
|1435|0x00000000d9b00000, 0x00000000d9c00000, 0x00000000d9c00000|100%| E|CS|TAMS 0x00000000d9b00000, 0x00000000d9b00000| Complete 
|1436|0x00000000d9c00000, 0x00000000d9d00000, 0x00000000d9d00000|100%| E|CS|TAMS 0x00000000d9c00000, 0x00000000d9c00000| Complete 
|1437|0x00000000d9d00000, 0x00000000d9e00000, 0x00000000d9e00000|100%| E|CS|TAMS 0x00000000d9d00000, 0x00000000d9d00000| Complete 
|1438|0x00000000d9e00000, 0x00000000d9f00000, 0x00000000d9f00000|100%| E|CS|TAMS 0x00000000d9e00000, 0x00000000d9e00000| Complete 
|1439|0x00000000d9f00000, 0x00000000da000000, 0x00000000da000000|100%| E|CS|TAMS 0x00000000d9f00000, 0x00000000d9f00000| Complete 
|1440|0x00000000da000000, 0x00000000da100000, 0x00000000da100000|100%| E|CS|TAMS 0x00000000da000000, 0x00000000da000000| Complete 
|1441|0x00000000da100000, 0x00000000da200000, 0x00000000da200000|100%| E|CS|TAMS 0x00000000da100000, 0x00000000da100000| Complete 
|1442|0x00000000da200000, 0x00000000da300000, 0x00000000da300000|100%| E|CS|TAMS 0x00000000da200000, 0x00000000da200000| Complete 
|1443|0x00000000da300000, 0x00000000da400000, 0x00000000da400000|100%| E|CS|TAMS 0x00000000da300000, 0x00000000da300000| Complete 
|1444|0x00000000da400000, 0x00000000da500000, 0x00000000da500000|100%| E|CS|TAMS 0x00000000da400000, 0x00000000da400000| Complete 
|1445|0x00000000da500000, 0x00000000da600000, 0x00000000da600000|100%| E|CS|TAMS 0x00000000da500000, 0x00000000da500000| Complete 
|1446|0x00000000da600000, 0x00000000da700000, 0x00000000da700000|100%| E|CS|TAMS 0x00000000da600000, 0x00000000da600000| Complete 
|1447|0x00000000da700000, 0x00000000da800000, 0x00000000da800000|100%| E|CS|TAMS 0x00000000da700000, 0x00000000da700000| Complete 
|1448|0x00000000da800000, 0x00000000da900000, 0x00000000da900000|100%| E|CS|TAMS 0x00000000da800000, 0x00000000da800000| Complete 
|1449|0x00000000da900000, 0x00000000daa00000, 0x00000000daa00000|100%| E|CS|TAMS 0x00000000da900000, 0x00000000da900000| Complete 
|1450|0x00000000daa00000, 0x00000000dab00000, 0x00000000dab00000|100%| E|CS|TAMS 0x00000000daa00000, 0x00000000daa00000| Complete 
|1451|0x00000000dab00000, 0x00000000dac00000, 0x00000000dac00000|100%| E|CS|TAMS 0x00000000dab00000, 0x00000000dab00000| Complete 
|1452|0x00000000dac00000, 0x00000000dad00000, 0x00000000dad00000|100%| E|CS|TAMS 0x00000000dac00000, 0x00000000dac00000| Complete 
|1453|0x00000000dad00000, 0x00000000dae00000, 0x00000000dae00000|100%| E|CS|TAMS 0x00000000dad00000, 0x00000000dad00000| Complete 
|1454|0x00000000dae00000, 0x00000000daf00000, 0x00000000daf00000|100%| E|CS|TAMS 0x00000000dae00000, 0x00000000dae00000| Complete 
|1455|0x00000000daf00000, 0x00000000db000000, 0x00000000db000000|100%| E|CS|TAMS 0x00000000daf00000, 0x00000000daf00000| Complete 
|1456|0x00000000db000000, 0x00000000db100000, 0x00000000db100000|100%| E|CS|TAMS 0x00000000db000000, 0x00000000db000000| Complete 
|1457|0x00000000db100000, 0x00000000db200000, 0x00000000db200000|100%| E|CS|TAMS 0x00000000db100000, 0x00000000db100000| Complete 
|1458|0x00000000db200000, 0x00000000db300000, 0x00000000db300000|100%| E|CS|TAMS 0x00000000db200000, 0x00000000db200000| Complete 
|1885|0x00000000f5d00000, 0x00000000f5e00000, 0x00000000f5e00000|100%| E|CS|TAMS 0x00000000f5d00000, 0x00000000f5d00000| Complete 
|1886|0x00000000f5e00000, 0x00000000f5f00000, 0x00000000f5f00000|100%| E|CS|TAMS 0x00000000f5e00000, 0x00000000f5e00000| Complete 
|1887|0x00000000f5f00000, 0x00000000f6000000, 0x00000000f6000000|100%| E|CS|TAMS 0x00000000f5f00000, 0x00000000f5f00000| Complete 
|1888|0x00000000f6000000, 0x00000000f6100000, 0x00000000f6100000|100%| E|CS|TAMS 0x00000000f6000000, 0x00000000f6000000| Complete 
|1889|0x00000000f6100000, 0x00000000f6200000, 0x00000000f6200000|100%| E|CS|TAMS 0x00000000f6100000, 0x00000000f6100000| Complete 
|1890|0x00000000f6200000, 0x00000000f6300000, 0x00000000f6300000|100%| E|CS|TAMS 0x00000000f6200000, 0x00000000f6200000| Complete 
|1891|0x00000000f6300000, 0x00000000f6400000, 0x00000000f6400000|100%| E|CS|TAMS 0x00000000f6300000, 0x00000000f6300000| Complete 
|1892|0x00000000f6400000, 0x00000000f6500000, 0x00000000f6500000|100%| E|CS|TAMS 0x00000000f6400000, 0x00000000f6400000| Complete 
|1893|0x00000000f6500000, 0x00000000f6600000, 0x00000000f6600000|100%| E|CS|TAMS 0x00000000f6500000, 0x00000000f6500000| Complete 
|1894|0x00000000f6600000, 0x00000000f6700000, 0x00000000f6700000|100%| E|CS|TAMS 0x00000000f6600000, 0x00000000f6600000| Complete 
|1895|0x00000000f6700000, 0x00000000f6800000, 0x00000000f6800000|100%| E|CS|TAMS 0x00000000f6700000, 0x00000000f6700000| Complete 
|1896|0x00000000f6800000, 0x00000000f6900000, 0x00000000f6900000|100%| E|CS|TAMS 0x00000000f6800000, 0x00000000f6800000| Complete 
|1897|0x00000000f6900000, 0x00000000f6a00000, 0x00000000f6a00000|100%| E|CS|TAMS 0x00000000f6900000, 0x00000000f6900000| Complete 
|1898|0x00000000f6a00000, 0x00000000f6b00000, 0x00000000f6b00000|100%| E|CS|TAMS 0x00000000f6a00000, 0x00000000f6a00000| Complete 
|1899|0x00000000f6b00000, 0x00000000f6c00000, 0x00000000f6c00000|100%| E|CS|TAMS 0x00000000f6b00000, 0x00000000f6b00000| Complete 
|1900|0x00000000f6c00000, 0x00000000f6d00000, 0x00000000f6d00000|100%| E|CS|TAMS 0x00000000f6c00000, 0x00000000f6c00000| Complete 
|1901|0x00000000f6d00000, 0x00000000f6e00000, 0x00000000f6e00000|100%| E|CS|TAMS 0x00000000f6d00000, 0x00000000f6d00000| Complete 
|1902|0x00000000f6e00000, 0x00000000f6f00000, 0x00000000f6f00000|100%| E|CS|TAMS 0x00000000f6e00000, 0x00000000f6e00000| Complete 
|1903|0x00000000f6f00000, 0x00000000f7000000, 0x00000000f7000000|100%| E|CS|TAMS 0x00000000f6f00000, 0x00000000f6f00000| Complete 
|1904|0x00000000f7000000, 0x00000000f7100000, 0x00000000f7100000|100%| E|CS|TAMS 0x00000000f7000000, 0x00000000f7000000| Complete 
|1905|0x00000000f7100000, 0x00000000f7200000, 0x00000000f7200000|100%| E|CS|TAMS 0x00000000f7100000, 0x00000000f7100000| Complete 
|1906|0x00000000f7200000, 0x00000000f7300000, 0x00000000f7300000|100%| E|CS|TAMS 0x00000000f7200000, 0x00000000f7200000| Complete 
|1907|0x00000000f7300000, 0x00000000f7400000, 0x00000000f7400000|100%| E|CS|TAMS 0x00000000f7300000, 0x00000000f7300000| Complete 
|1908|0x00000000f7400000, 0x00000000f7500000, 0x00000000f7500000|100%| E|CS|TAMS 0x00000000f7400000, 0x00000000f7400000| Complete 
|1909|0x00000000f7500000, 0x00000000f7600000, 0x00000000f7600000|100%| E|CS|TAMS 0x00000000f7500000, 0x00000000f7500000| Complete 
|1910|0x00000000f7600000, 0x00000000f7700000, 0x00000000f7700000|100%| E|CS|TAMS 0x00000000f7600000, 0x00000000f7600000| Complete 
|1911|0x00000000f7700000, 0x00000000f7800000, 0x00000000f7800000|100%| E|CS|TAMS 0x00000000f7700000, 0x00000000f7700000| Complete 
|1912|0x00000000f7800000, 0x00000000f7900000, 0x00000000f7900000|100%| E|CS|TAMS 0x00000000f7800000, 0x00000000f7800000| Complete 
|1913|0x00000000f7900000, 0x00000000f7a00000, 0x00000000f7a00000|100%| E|CS|TAMS 0x00000000f7900000, 0x00000000f7900000| Complete 
|1914|0x00000000f7a00000, 0x00000000f7b00000, 0x00000000f7b00000|100%| E|CS|TAMS 0x00000000f7a00000, 0x00000000f7a00000| Complete 
|1915|0x00000000f7b00000, 0x00000000f7c00000, 0x00000000f7c00000|100%| E|CS|TAMS 0x00000000f7b00000, 0x00000000f7b00000| Complete 
|1916|0x00000000f7c00000, 0x00000000f7d00000, 0x00000000f7d00000|100%| E|CS|TAMS 0x00000000f7c00000, 0x00000000f7c00000| Complete 
|1917|0x00000000f7d00000, 0x00000000f7e00000, 0x00000000f7e00000|100%| E|CS|TAMS 0x00000000f7d00000, 0x00000000f7d00000| Complete 
|1918|0x00000000f7e00000, 0x00000000f7f00000, 0x00000000f7f00000|100%| E|CS|TAMS 0x00000000f7e00000, 0x00000000f7e00000| Complete 
|1919|0x00000000f7f00000, 0x00000000f8000000, 0x00000000f8000000|100%| E|CS|TAMS 0x00000000f7f00000, 0x00000000f7f00000| Complete 
|1920|0x00000000f8000000, 0x00000000f8100000, 0x00000000f8100000|100%| E|CS|TAMS 0x00000000f8000000, 0x00000000f8000000| Complete 
|1921|0x00000000f8100000, 0x00000000f8119c10, 0x00000000f8200000| 10%| S|CS|TAMS 0x00000000f8100000, 0x00000000f8100000| Complete 
|1922|0x00000000f8200000, 0x00000000f8300000, 0x00000000f8300000|100%| S|CS|TAMS 0x00000000f8200000, 0x00000000f8200000| Complete 
|1923|0x00000000f8300000, 0x00000000f8400000, 0x00000000f8400000|100%| S|CS|TAMS 0x00000000f8300000, 0x00000000f8300000| Complete 
|1924|0x00000000f8400000, 0x00000000f8500000, 0x00000000f8500000|100%| S|CS|TAMS 0x00000000f8400000, 0x00000000f8400000| Complete 
|1925|0x00000000f8500000, 0x00000000f8600000, 0x00000000f8600000|100%| S|CS|TAMS 0x00000000f8500000, 0x00000000f8500000| Complete 
|1926|0x00000000f8600000, 0x00000000f8700000, 0x00000000f8700000|100%| S|CS|TAMS 0x00000000f8600000, 0x00000000f8600000| Complete 
|1927|0x00000000f8700000, 0x00000000f8800000, 0x00000000f8800000|100%| E|CS|TAMS 0x00000000f8700000, 0x00000000f8700000| Complete 
|1928|0x00000000f8800000, 0x00000000f8900000, 0x00000000f8900000|100%| E|CS|TAMS 0x00000000f8800000, 0x00000000f8800000| Complete 
|1929|0x00000000f8900000, 0x00000000f8a00000, 0x00000000f8a00000|100%| E|CS|TAMS 0x00000000f8900000, 0x00000000f8900000| Complete 

Card table byte_map: [0x000000001a6c0000,0x000000001aac0000] _byte_map_base: 0x000000001a2c0000

Marking Bits (Prev, Next): (CMBitMap*) 0x0000000002d502e0, (CMBitMap*) 0x0000000002d50320
 Prev Bits: [0x000000001aec0000, 0x000000001cec0000)
 Next Bits: [0x000000001cec0000, 0x000000001eec0000)

Polling page: 0x00000000022c0000

Metaspace:

Usage:
  Non-class:    169.84 MB used.
      Class:     24.41 MB used.
       Both:    194.25 MB used.

Virtual space:
  Non-class space:      192.00 MB reserved,     170.56 MB ( 89%) committed,  3 nodes.
      Class space:        1.00 GB reserved,      25.06 MB (  2%) committed,  1 nodes.
             Both:        1.19 GB reserved,     195.62 MB ( 16%) committed. 

Chunk freelists:
   Non-Class:  5.19 MB
       Class:  6.89 MB
        Both:  12.08 MB

MaxMetaspaceSize: unlimited
CompressedClassSpaceSize: 1.00 GB
Initial GC threshold: 21.00 MB
Current GC threshold: 293.75 MB
CDS: on
MetaspaceReclaimPolicy: balanced
 - commit_granule_bytes: 65536.
 - commit_granule_words: 8192.
 - virtual_space_node_default_size: 8388608.
 - enlarge_chunks_in_place: 1.
 - new_chunks_are_fully_committed: 0.
 - uncommit_free_chunks: 1.
 - use_allocation_guard: 0.
 - handle_deallocations: 1.


Internal statistics:

num_allocs_failed_limit: 12.
num_arena_births: 2226.
num_arena_deaths: 128.
num_vsnodes_births: 4.
num_vsnodes_deaths: 0.
num_space_committed: 3127.
num_space_uncommitted: 0.
num_chunks_returned_to_freelist: 215.
num_chunks_taken_from_freelist: 10678.
num_chunk_merges: 64.
num_chunk_splits: 7108.
num_chunks_enlarged: 4745.
num_inconsistent_stats: 0.

CodeHeap 'non-profiled nmethods': size=119168Kb used=39536Kb max_used=39536Kb free=79631Kb
 bounds [0x00000000123a0000, 0x0000000014a40000, 0x0000000019800000]
CodeHeap 'profiled nmethods': size=119104Kb used=61789Kb max_used=62484Kb free=57314Kb
 bounds [0x000000000a800000, 0x000000000e520000, 0x0000000011c50000]
CodeHeap 'non-nmethods': size=7488Kb used=4342Kb max_used=4403Kb free=3145Kb
 bounds [0x0000000011c50000, 0x00000000120b0000, 0x00000000123a0000]
 total_blobs=34531 nmethods=33341 adapters=1096
 compilation: enabled
              stopped_count=0, restarted_count=0
 full_count=0

Compilation events (20 events):
Event: 292.734 Thread 0x00000000779aad50 nmethod 45261 0x0000000014a27390 code [0x0000000014a275a0, 0x0000000014a27fc0]
Event: 292.734 Thread 0x00000000779a92c0 nmethod 45270 0x0000000014a28410 code [0x0000000014a285a0, 0x0000000014a28888]
Event: 292.735 Thread 0x00000000779aad50 45272       4       com.android.tools.lint.checks.ApiClass::addToDeprecated (38 bytes)
Event: 292.735 Thread 0x00000000779a92c0 45279       4       com.android.tools.lint.checks.ApiClass::addMethod (53 bytes)
Event: 292.739 Thread 0x0000000111935830 nmethod 45228 0x0000000014a28a10 code [0x0000000014a28c20, 0x0000000014a2a298]
Event: 292.740 Thread 0x0000000111935830 45280 %     4       com.sun.org.apache.xerces.internal.impl.XMLDocumentFragmentScannerImpl::scanDocument @ 13 (346 bytes)
Event: 292.746 Thread 0x0000000111935d80 nmethod 45269 0x0000000014a2ac90 code [0x0000000014a2aec0, 0x0000000014a2bae0]
Event: 292.749 Thread 0x0000000111935d80 45281       4       com.android.tools.lint.checks.ApiClassBase::lastIndexOfSlashOrDollar (37 bytes)
Event: 292.752 Thread 0x00000000779a9d60 nmethod 45232 0x0000000014a2c110 code [0x0000000014a2c480, 0x0000000014a2e3c8]
Event: 292.756 Thread 0x0000000111935d80 nmethod 45281 0x0000000014a2fb10 code [0x0000000014a2fca0, 0x0000000014a30058]
Event: 292.756 Thread 0x0000000111935d80 45282       4       com.android.tools.lint.checks.ApiClassBase::lastIndexOfSlashOrDollar (37 bytes)
Event: 292.756 Thread 0x0000000111935830 nmethod 45280% 0x0000000014a30190 code [0x0000000014a30460, 0x0000000014a31188]
Event: 292.758 Thread 0x0000000111935830 45283       4       com.sun.org.apache.xerces.internal.impl.XMLDocumentFragmentScannerImpl::scanDocument (346 bytes)
Event: 292.762 Thread 0x0000000111935d80 nmethod 45282 0x0000000014a31c10 code [0x0000000014a31da0, 0x0000000014a32138]
Event: 292.764 Thread 0x00000000779aad50 nmethod 45272 0x0000000014a32290 code [0x0000000014a32480, 0x0000000014a33490]
Event: 292.775 Thread 0x0000000111935830 nmethod 45283 0x0000000014a33b10 code [0x0000000014a33e00, 0x0000000014a34af8]
Event: 292.776 Thread 0x0000000111935830 45284 %     4       com.sun.org.apache.xerces.internal.impl.XMLDocumentFragmentScannerImpl::scanDocument @ 13 (346 bytes)
Event: 292.798 Thread 0x0000000111935d80 45285       4       com.android.tools.lint.checks.ApiClass::addToArray (73 bytes)
Event: 292.822 Thread 0x00000000779a9d60 45286       4       com.android.tools.lint.checks.ApiParser::addClass (206 bytes)
Event: 292.824 Thread 0x00000000779aad50 45287       4       com.android.tools.lint.checks.ApiClass::<init> (66 bytes)

GC Heap History (20 events):
Event: 277.140 GC heap before
{Heap before GC invocations=136 (full 0):
 garbage-first heap   total 1976320K, used 678158K [0x0000000080000000, 0x0000000100000000)
  region size 1024K, 112 young (114688K), 13 survivors (13312K)
 Metaspace       used 144794K, committed 145984K, reserved 1179648K
  class space    used 18967K, committed 19520K, reserved 1048576K
}
Event: 277.146 GC heap after
{Heap after GC invocations=137 (full 0):
 garbage-first heap   total 1976320K, used 577179K [0x0000000080000000, 0x0000000100000000)
  region size 1024K, 15 young (15360K), 15 survivors (15360K)
 Metaspace       used 144794K, committed 145984K, reserved 1179648K
  class space    used 18967K, committed 19520K, reserved 1048576K
}
Event: 278.232 GC heap before
{Heap before GC invocations=138 (full 0):
 garbage-first heap   total 1976320K, used 1610395K [0x0000000080000000, 0x0000000100000000)
  region size 1024K, 1100 young (1126400K), 15 survivors (15360K)
 Metaspace       used 144814K, committed 145984K, reserved 1179648K
  class space    used 18967K, committed 19520K, reserved 1048576K
}
Event: 278.241 GC heap after
{Heap after GC invocations=139 (full 0):
 garbage-first heap   total 1976320K, used 496812K [0x0000000080000000, 0x0000000100000000)
  region size 1024K, 16 young (16384K), 16 survivors (16384K)
 Metaspace       used 144814K, committed 145984K, reserved 1179648K
  class space    used 18967K, committed 19520K, reserved 1048576K
}
Event: 278.326 GC heap before
{Heap before GC invocations=139 (full 0):
 garbage-first heap   total 1976320K, used 578732K [0x0000000080000000, 0x0000000100000000)
  region size 1024K, 96 young (98304K), 16 survivors (16384K)
 Metaspace       used 144814K, committed 145984K, reserved 1179648K
  class space    used 18967K, committed 19520K, reserved 1048576K
}
Event: 278.337 GC heap after
{Heap after GC invocations=140 (full 0):
 garbage-first heap   total 1976320K, used 417078K [0x0000000080000000, 0x0000000100000000)
  region size 1024K, 3 young (3072K), 3 survivors (3072K)
 Metaspace       used 144814K, committed 145984K, reserved 1179648K
  class space    used 18967K, committed 19520K, reserved 1048576K
}
Event: 282.540 GC heap before
{Heap before GC invocations=140 (full 0):
 garbage-first heap   total 1976320K, used 1701174K [0x0000000080000000, 0x0000000100000000)
  region size 1024K, 1158 young (1185792K), 3 survivors (3072K)
 Metaspace       used 163723K, committed 164928K, reserved 1245184K
  class space    used 21122K, committed 21696K, reserved 1048576K
}
Event: 282.581 GC heap after
{Heap after GC invocations=141 (full 0):
 garbage-first heap   total 1976320K, used 608160K [0x0000000080000000, 0x0000000100000000)
  region size 1024K, 145 young (148480K), 145 survivors (148480K)
 Metaspace       used 163723K, committed 164928K, reserved 1245184K
  class space    used 21122K, committed 21696K, reserved 1048576K
}
Event: 283.193 GC heap before
{Heap before GC invocations=141 (full 0):
 garbage-first heap   total 1976320K, used 827296K [0x0000000080000000, 0x0000000100000000)
  region size 1024K, 361 young (369664K), 145 survivors (148480K)
 Metaspace       used 165685K, committed 166912K, reserved 1245184K
  class space    used 21361K, committed 21952K, reserved 1048576K
}
Event: 283.225 GC heap after
{Heap after GC invocations=142 (full 0):
 garbage-first heap   total 1976320K, used 615743K [0x0000000080000000, 0x0000000100000000)
  region size 1024K, 28 young (28672K), 28 survivors (28672K)
 Metaspace       used 165685K, committed 166912K, reserved 1245184K
  class space    used 21361K, committed 21952K, reserved 1048576K
}
Event: 285.418 GC heap before
{Heap before GC invocations=143 (full 0):
 garbage-first heap   total 1976320K, used 1420606K [0x0000000080000000, 0x0000000100000000)
  region size 1024K, 829 young (848896K), 28 survivors (28672K)
 Metaspace       used 175167K, committed 176448K, reserved 1245184K
  class space    used 22458K, committed 23040K, reserved 1048576K
}
Event: 285.430 GC heap after
{Heap after GC invocations=144 (full 0):
 garbage-first heap   total 1976320K, used 598335K [0x0000000080000000, 0x0000000100000000)
  region size 1024K, 37 young (37888K), 37 survivors (37888K)
 Metaspace       used 175167K, committed 176448K, reserved 1245184K
  class space    used 22458K, committed 23040K, reserved 1048576K
}
Event: 286.009 GC heap before
{Heap before GC invocations=144 (full 0):
 garbage-first heap   total 1976320K, used 658751K [0x0000000080000000, 0x0000000100000000)
  region size 1024K, 96 young (98304K), 37 survivors (37888K)
 Metaspace       used 175168K, committed 176448K, reserved 1245184K
  class space    used 22458K, committed 23040K, reserved 1048576K
}
Event: 286.039 GC heap after
{Heap after GC invocations=145 (full 0):
 garbage-first heap   total 1976320K, used 493539K [0x0000000080000000, 0x0000000100000000)
  region size 1024K, 11 young (11264K), 11 survivors (11264K)
 Metaspace       used 175168K, committed 176448K, reserved 1245184K
  class space    used 22458K, committed 23040K, reserved 1048576K
}
Event: 290.150 GC heap before
{Heap before GC invocations=145 (full 0):
 garbage-first heap   total 1976320K, used 1457123K [0x0000000080000000, 0x0000000100000000)
  region size 1024K, 948 young (970752K), 11 survivors (11264K)
 Metaspace       used 175172K, committed 176448K, reserved 1245184K
  class space    used 22458K, committed 23040K, reserved 1048576K
}
Event: 290.152 GC heap after
{Heap after GC invocations=146 (full 0):
 garbage-first heap   total 1976320K, used 485192K [0x0000000080000000, 0x0000000100000000)
  region size 1024K, 3 young (3072K), 3 survivors (3072K)
 Metaspace       used 175172K, committed 176448K, reserved 1245184K
  class space    used 22458K, committed 23040K, reserved 1048576K
}
Event: 291.031 GC heap before
{Heap before GC invocations=146 (full 0):
 garbage-first heap   total 1976320K, used 1007432K [0x0000000080000000, 0x0000000100000000)
  region size 1024K, 502 young (514048K), 3 survivors (3072K)
 Metaspace       used 178596K, committed 179968K, reserved 1245184K
  class space    used 22747K, committed 23424K, reserved 1048576K
}
Event: 291.034 GC heap after
{Heap after GC invocations=147 (full 0):
 garbage-first heap   total 1976320K, used 495109K [0x0000000080000000, 0x0000000100000000)
  region size 1024K, 8 young (8192K), 8 survivors (8192K)
 Metaspace       used 178596K, committed 179968K, reserved 1245184K
  class space    used 22747K, committed 23424K, reserved 1048576K
}
Event: 291.040 GC heap before
{Heap before GC invocations=147 (full 0):
 garbage-first heap   total 1976320K, used 508421K [0x0000000080000000, 0x0000000100000000)
  region size 1024K, 11 young (11264K), 8 survivors (8192K)
 Metaspace       used 178611K, committed 180032K, reserved 1245184K
  class space    used 22749K, committed 23424K, reserved 1048576K
}
Event: 291.042 GC heap after
{Heap after GC invocations=148 (full 0):
 garbage-first heap   total 1976320K, used 504906K [0x0000000080000000, 0x0000000100000000)
  region size 1024K, 6 young (6144K), 6 survivors (6144K)
 Metaspace       used 178611K, committed 180032K, reserved 1245184K
  class space    used 22749K, committed 23424K, reserved 1048576K
}

Dll operation events (13 events):
Event: 0.004 Loaded shared library D:\Android\Java\jdk17.0.14.7\bin\java.dll
Event: 0.014 Loaded shared library D:\Android\Java\jdk17.0.14.7\bin\jsvml.dll
Event: 0.033 Loaded shared library D:\Android\Java\jdk17.0.14.7\bin\net.dll
Event: 0.033 Loaded shared library D:\Android\Java\jdk17.0.14.7\bin\nio.dll
Event: 0.035 Loaded shared library D:\Android\Java\jdk17.0.14.7\bin\zip.dll
Event: 0.104 Loaded shared library D:\Android\Java\jdk17.0.14.7\bin\jimage.dll
Event: 0.129 Loaded shared library D:\Android\Java\jdk17.0.14.7\bin\verify.dll
Event: 0.196 Loaded shared library C:\Users\Administrator\.gradle\native\e1d6ef7f7dcc3fd88c89a11ec53ec762bb8ba0a96d01ffa2cd45eb1d1d8dd5c5\windows-amd64\native-platform.dll
Event: 0.208 Loaded shared library C:\Users\Administrator\.gradle\native\0d407fdbe67a94daf76414ababcb853783967236a71b16ec16e742cd7a986fd3\windows-amd64\native-platform-file-events.dll
Event: 0.486 Loaded shared library D:\Android\Java\jdk17.0.14.7\bin\management.dll
Event: 0.487 Loaded shared library D:\Android\Java\jdk17.0.14.7\bin\management_ext.dll
Event: 0.576 Loaded shared library D:\Android\Java\jdk17.0.14.7\bin\extnet.dll
Event: 0.722 Loaded shared library D:\Android\Java\jdk17.0.14.7\bin\sunmscapi.dll

Deoptimization events (20 events):
Event: 292.759 Thread 0x0000000079275230 DEOPT PACKING pc=0x0000000014a30e24 sp=0x000000011a3ace70
Event: 292.759 Thread 0x0000000079275230 DEOPT UNPACKING pc=0x0000000011ca69a3 sp=0x000000011a3ace40 mode 2
Event: 292.759 Thread 0x0000000079275230 Uncommon trap: trap_request=0xffffffbe fr.pc=0x0000000014a30e24 relative=0x00000000000009c4
Event: 292.759 Thread 0x0000000079275230 Uncommon trap: reason=profile_predicate action=maybe_recompile pc=0x0000000014a30e24 method=com.sun.org.apache.xerces.internal.impl.XMLDocumentFragmentScannerImpl.scanDocument(Z)Z @ 13 c2
Event: 292.759 Thread 0x0000000079275230 DEOPT PACKING pc=0x0000000014a30e24 sp=0x000000011a3ace70
Event: 292.759 Thread 0x0000000079275230 DEOPT UNPACKING pc=0x0000000011ca69a3 sp=0x000000011a3ace40 mode 2
Event: 292.759 Thread 0x0000000079275230 Uncommon trap: trap_request=0xffffffbe fr.pc=0x0000000014a30e24 relative=0x00000000000009c4
Event: 292.759 Thread 0x0000000079275230 Uncommon trap: reason=profile_predicate action=maybe_recompile pc=0x0000000014a30e24 method=com.sun.org.apache.xerces.internal.impl.XMLDocumentFragmentScannerImpl.scanDocument(Z)Z @ 13 c2
Event: 292.759 Thread 0x0000000079275230 DEOPT PACKING pc=0x0000000014a30e24 sp=0x000000011a3ace70
Event: 292.759 Thread 0x0000000079275230 DEOPT UNPACKING pc=0x0000000011ca69a3 sp=0x000000011a3ace40 mode 2
Event: 292.760 Thread 0x0000000079275230 Uncommon trap: trap_request=0xffffffbe fr.pc=0x0000000014a30e24 relative=0x00000000000009c4
Event: 292.760 Thread 0x0000000079275230 Uncommon trap: reason=profile_predicate action=maybe_recompile pc=0x0000000014a30e24 method=com.sun.org.apache.xerces.internal.impl.XMLDocumentFragmentScannerImpl.scanDocument(Z)Z @ 13 c2
Event: 292.760 Thread 0x0000000079275230 DEOPT PACKING pc=0x0000000014a30e24 sp=0x000000011a3ace70
Event: 292.760 Thread 0x0000000079275230 DEOPT UNPACKING pc=0x0000000011ca69a3 sp=0x000000011a3ace40 mode 2
Event: 292.807 Thread 0x0000000077287520 Uncommon trap: trap_request=0xffffffde fr.pc=0x0000000014452df8 relative=0x00000000000003d8
Event: 293.783 Thread 0x0000000077287520 Uncommon trap: reason=class_check action=maybe_recompile pc=0x0000000014452df8 method=sun.nio.ch.IOUtil.read(Ljava/io/FileDescriptor;Ljava/nio/ByteBuffer;JZZILsun/nio/ch/NativeDispatcher;)I @ 1 c2
Event: 293.783 Thread 0x00000000732c24c0 DEOPT PACKING pc=0x000000000aa38fdc sp=0x000000011103f690
Event: 293.783 Thread 0x000000006fb6c5e0 DEOPT PACKING pc=0x000000000aa391b4 sp=0x000000007383f6c0
Event: 293.783 Thread 0x000000006fb6c5e0 DEOPT UNPACKING pc=0x0000000011ca7143 sp=0x000000007383eb80 mode 0
Event: 293.783 Thread 0x00000000732c24c0 DEOPT UNPACKING pc=0x0000000011ca7143 sp=0x000000011103eb48 mode 0

Classes loaded (20 events):
Event: 291.463 Loading class java/security/DigestException
Event: 291.463 Loading class java/security/DigestException done
Event: 291.487 Loading class java/nio/BufferOverflowException
Event: 291.487 Loading class java/nio/BufferOverflowException done
Event: 291.553 Loading class java/util/regex/Pattern$Bound
Event: 291.554 Loading class java/util/regex/Pattern$Bound done
Event: 291.929 Loading class java/util/function/IntUnaryOperator
Event: 291.929 Loading class java/util/function/IntUnaryOperator done
Event: 291.952 Loading class java/util/concurrent/atomic/AtomicLongFieldUpdater
Event: 291.957 Loading class java/util/concurrent/atomic/AtomicLongFieldUpdater done
Event: 291.958 Loading class java/util/concurrent/atomic/AtomicLongFieldUpdater$CASUpdater
Event: 291.958 Loading class java/util/concurrent/atomic/AtomicLongFieldUpdater$CASUpdater done
Event: 291.958 Loading class java/util/concurrent/atomic/AtomicLongFieldUpdater$CASUpdater$1
Event: 291.958 Loading class java/util/concurrent/atomic/AtomicLongFieldUpdater$CASUpdater$1 done
Event: 292.222 Loading class java/util/concurrent/ArrayBlockingQueue$Itrs
Event: 292.223 Loading class java/util/concurrent/ArrayBlockingQueue$Itrs done
Event: 292.602 Loading class java/nio/channels/AsynchronousCloseException
Event: 292.602 Loading class java/nio/channels/AsynchronousCloseException done
Event: 292.692 Loading class com/sun/org/apache/xerces/internal/util/EntityResolver2Wrapper
Event: 292.693 Loading class com/sun/org/apache/xerces/internal/util/EntityResolver2Wrapper done

Classes unloaded (20 events):
Event: 264.927 Thread 0x0000000021908f60 Unloading class 0x0000000025190800 'java/lang/invoke/LambdaForm$DMH+0x0000000025190800'
Event: 264.927 Thread 0x0000000021908f60 Unloading class 0x0000000025190000 'java/lang/invoke/LambdaForm$DMH+0x0000000025190000'
Event: 264.927 Thread 0x0000000021908f60 Unloading class 0x000000002512d400 'java/lang/invoke/LambdaForm$DMH+0x000000002512d400'
Event: 264.927 Thread 0x0000000021908f60 Unloading class 0x000000002512d000 'java/lang/invoke/LambdaForm$DMH+0x000000002512d000'
Event: 264.927 Thread 0x0000000021908f60 Unloading class 0x000000002512c000 'java/lang/invoke/LambdaForm$DMH+0x000000002512c000'
Event: 264.927 Thread 0x0000000021908f60 Unloading class 0x000000002512cc00 'java/lang/invoke/LambdaForm$DMH+0x000000002512cc00'
Event: 264.927 Thread 0x0000000021908f60 Unloading class 0x000000002512c800 'java/lang/invoke/LambdaForm$DMH+0x000000002512c800'
Event: 264.927 Thread 0x0000000021908f60 Unloading class 0x00000000250f4400 'java/lang/invoke/LambdaForm$DMH+0x00000000250f4400'
Event: 264.927 Thread 0x0000000021908f60 Unloading class 0x00000000250e8800 'java/lang/invoke/LambdaForm$DMH+0x00000000250e8800'
Event: 264.927 Thread 0x0000000021908f60 Unloading class 0x00000000250e8400 'java/lang/invoke/LambdaForm$DMH+0x00000000250e8400'
Event: 265.835 Thread 0x0000000021908f60 Unloading class 0x00000000252bcc00 'java/lang/invoke/LambdaForm$DMH+0x00000000252bcc00'
Event: 265.835 Thread 0x0000000021908f60 Unloading class 0x00000000252bc800 'java/lang/invoke/LambdaForm$DMH+0x00000000252bc800'
Event: 265.835 Thread 0x0000000021908f60 Unloading class 0x0000000025264400 'java/lang/invoke/LambdaForm$DMH+0x0000000025264400'
Event: 265.835 Thread 0x0000000021908f60 Unloading class 0x000000002525dc00 'java/lang/invoke/LambdaForm$DMH+0x000000002525dc00'
Event: 265.835 Thread 0x0000000021908f60 Unloading class 0x000000002525d400 'java/lang/invoke/LambdaForm$MH+0x000000002525d400'
Event: 265.835 Thread 0x0000000021908f60 Unloading class 0x000000002525c800 'java/lang/invoke/LambdaForm$DMH+0x000000002525c800'
Event: 265.835 Thread 0x0000000021908f60 Unloading class 0x000000002525c400 'java/lang/invoke/LambdaForm$DMH+0x000000002525c400'
Event: 274.460 Thread 0x0000000021908f60 Unloading class 0x0000000025310800 'java/lang/invoke/LambdaForm$DMH+0x0000000025310800'
Event: 274.460 Thread 0x0000000021908f60 Unloading class 0x0000000025310400 'java/lang/invoke/LambdaForm$DMH+0x0000000025310400'
Event: 274.460 Thread 0x0000000021908f60 Unloading class 0x0000000025310000 'java/lang/invoke/LambdaForm$DMH+0x0000000025310000'

Classes redefined (0 events):
No events

Internal exceptions (20 events):
Event: 292.044 Thread 0x000000006fd3e100 Exception <a 'java/lang/NoSuchMethodError'{0x00000000b2ace2a0}: 'int java.lang.invoke.DelegatingMethodHandle$Holder.reinvoke_L(java.lang.Object, java.lang.Object, java.lang.Object, long, int, int)'> (0x00000000b2ace2a0) 
thrown [s\src\hotspot\share\interpreter\linkResolver.cpp, line 759]
Event: 292.045 Thread 0x000000006fd3e100 Exception <a 'java/lang/NoSuchMethodError'{0x00000000b2adcdb0}: 'int java.lang.invoke.DelegatingMethodHandle$Holder.reinvoke_L(java.lang.Object, java.lang.Object, java.lang.Object, long, long, long)'> (0x00000000b2adcdb0) 
thrown [s\src\hotspot\share\interpreter\linkResolver.cpp, line 759]
Event: 292.045 Thread 0x000000006fd3e100 Exception <a 'java/lang/NoSuchMethodError'{0x00000000b2aeb5a8}: 'int java.lang.invoke.DelegatingMethodHandle$Holder.reinvoke_L(java.lang.Object, java.lang.Object, java.lang.Object, long, int)'> (0x00000000b2aeb5a8) 
thrown [s\src\hotspot\share\interpreter\linkResolver.cpp, line 759]
Event: 292.100 Thread 0x0000000074cad2c0 Exception <a 'sun/nio/fs/WindowsException'{0x00000000b0f8ecd0}> (0x00000000b0f8ecd0) 
thrown [s\src\hotspot\share\prims\jni.cpp, line 516]
Event: 292.128 Thread 0x000000007509bfc0 Exception <a 'java/lang/NoSuchMethodError'{0x00000000f88debd8}: static Lorg/gradle/internal/build/event/types/DefaultTestStartedProgressEvent;.<clinit>()V> (0x00000000f88debd8) 
thrown [s\src\hotspot\share\prims\jni.cpp, line 1112]
Event: 292.129 Thread 0x000000007509bfc0 Exception <a 'java/lang/NoSuchMethodError'{0x00000000f88e9208}: static Lorg/gradle/internal/build/event/types/DefaultTestDescriptor;.<clinit>()V> (0x00000000f88e9208) 
thrown [s\src\hotspot\share\prims\jni.cpp, line 1112]
Event: 292.221 Thread 0x0000000076869f80 Exception <a 'java/lang/NoSuchMethodError'{0x00000000ae55c410}: static Ljava/lang/Object;.<clinit>()V> (0x00000000ae55c410) 
thrown [s\src\hotspot\share\prims\jni.cpp, line 1112]
Event: 292.222 Thread 0x0000000076869f80 Exception <a 'java/lang/NoSuchMethodError'{0x00000000ae567be0}: static Lorg/gradle/api/internal/tasks/testing/junit/JUnitTestFramework$TestClassProcessorFactoryImpl;.<clinit>()V> (0x00000000ae567be0) 
thrown [s\src\hotspot\share\prims\jni.cpp, line 1112]
Event: 292.222 Thread 0x0000000076869f80 Exception <a 'java/lang/NoSuchMethodError'{0x00000000adcef048}: static Lorg/gradle/api/internal/tasks/testing/junit/JUnitSpec;.<clinit>()V> (0x00000000adcef048) 
thrown [s\src\hotspot\share\prims\jni.cpp, line 1112]
Event: 292.222 Thread 0x0000000076869f80 Exception <a 'java/lang/NoSuchMethodError'{0x00000000adcf0d40}: static Lorg/gradle/api/internal/tasks/testing/junit/AbstractJUnitSpec;.<clinit>()V> (0x00000000adcf0d40) 
thrown [s\src\hotspot\share\prims\jni.cpp, line 1112]
Event: 292.257 Thread 0x000000006fd3e100 Exception <a 'sun/nio/fs/WindowsException'{0x00000000ab579168}> (0x00000000ab579168) 
thrown [s\src\hotspot\share\prims\jni.cpp, line 516]
Event: 292.257 Thread 0x000000006fd3e100 Exception <a 'sun/nio/fs/WindowsException'{0x00000000ab579cc0}> (0x00000000ab579cc0) 
thrown [s\src\hotspot\share\prims\jni.cpp, line 516]
Event: 292.257 Thread 0x000000006fd3e100 Exception <a 'sun/nio/fs/WindowsException'{0x00000000ab57a5a8}> (0x00000000ab57a5a8) 
thrown [s\src\hotspot\share\prims\jni.cpp, line 516]
Event: 292.257 Thread 0x000000006fd3e100 Exception <a 'sun/nio/fs/WindowsException'{0x00000000ab57b288}> (0x00000000ab57b288) 
thrown [s\src\hotspot\share\prims\jni.cpp, line 516]
Event: 292.257 Thread 0x000000006fd3e100 Exception <a 'sun/nio/fs/WindowsException'{0x00000000ab57bde0}> (0x00000000ab57bde0) 
thrown [s\src\hotspot\share\prims\jni.cpp, line 516]
Event: 292.394 Thread 0x0000000079275230 Implicit null exception at 0x0000000012629793 to 0x00000000126298d4
Event: 292.394 Thread 0x000000006fd3e100 Implicit null exception at 0x0000000012629793 to 0x00000000126298d4
Event: 292.541 Thread 0x0000000069a79510 Exception <a 'sun/nio/fs/WindowsException'{0x00000000a5047eb8}> (0x00000000a5047eb8) 
thrown [s\src\hotspot\share\prims\jni.cpp, line 516]
Event: 292.554 Thread 0x0000000079275230 Implicit null exception at 0x0000000012e03b6d to 0x0000000012e04aac
Event: 292.554 Thread 0x000000006fd3e100 Implicit null exception at 0x0000000012e03b6d to 0x0000000012e04aac

VM Operations (20 events):
Event: 291.966 Executing VM operation: HandshakeAllThreads done
Event: 292.055 Executing VM operation: HandshakeAllThreads
Event: 292.055 Executing VM operation: HandshakeAllThreads done
Event: 292.109 Executing VM operation: HandshakeAllThreads
Event: 292.109 Executing VM operation: HandshakeAllThreads done
Event: 292.113 Executing VM operation: HandshakeAllThreads
Event: 292.113 Executing VM operation: HandshakeAllThreads done
Event: 292.189 Executing VM operation: HandshakeAllThreads
Event: 292.189 Executing VM operation: HandshakeAllThreads done
Event: 292.207 Executing VM operation: ICBufferFull
Event: 292.210 Executing VM operation: ICBufferFull done
Event: 292.226 Executing VM operation: HandshakeAllThreads
Event: 292.227 Executing VM operation: HandshakeAllThreads done
Event: 292.546 Executing VM operation: HandshakeAllThreads
Event: 292.546 Executing VM operation: HandshakeAllThreads done
Event: 292.609 Executing VM operation: HandshakeAllThreads
Event: 292.609 Executing VM operation: HandshakeAllThreads done
Event: 292.723 Executing VM operation: ICBufferFull
Event: 292.723 Executing VM operation: ICBufferFull done
Event: 293.735 Executing VM operation: Cleanup

Memory protections (0 events):
No events

Nmethod flushes (20 events):
Event: 292.230 Thread 0x0000000022839990 flushing  nmethod 0x000000000bb44d10
Event: 292.233 Thread 0x0000000022839990 flushing  nmethod 0x000000000bf61590
Event: 292.234 Thread 0x0000000022839990 flushing  nmethod 0x000000000c170f90
Event: 292.235 Thread 0x0000000022839990 flushing  nmethod 0x000000000c3d7510
Event: 292.236 Thread 0x0000000022839990 flushing  nmethod 0x000000000c3ef790
Event: 292.239 Thread 0x0000000022839990 flushing  nmethod 0x000000000c949d10
Event: 292.242 Thread 0x0000000022839990 flushing  nmethod 0x000000000cd94a90
Event: 292.242 Thread 0x0000000022839990 flushing  nmethod 0x000000000cde2b90
Event: 292.244 Thread 0x0000000022839990 flushing  nmethod 0x000000000d14f810
Event: 292.245 Thread 0x0000000022839990 flushing  nmethod 0x000000000d265490
Event: 292.248 Thread 0x0000000022839990 flushing  nmethod 0x000000000d690310
Event: 292.248 Thread 0x0000000022839990 flushing  nmethod 0x000000000d6c9f10
Event: 292.249 Thread 0x0000000022839990 flushing osr nmethod 0x000000000d84fc90
Event: 292.251 Thread 0x0000000022839990 flushing  nmethod 0x000000000dbfce10
Event: 292.251 Thread 0x0000000022839990 flushing  nmethod 0x000000000dc14890
Event: 292.252 Thread 0x0000000022839990 flushing  nmethod 0x000000000de76010
Event: 292.253 Thread 0x0000000022839990 flushing  nmethod 0x000000000dfbf790
Event: 292.254 Thread 0x0000000022839990 flushing  nmethod 0x000000000e1fcb10
Event: 292.255 Thread 0x0000000022839990 flushing  nmethod 0x000000000e42f410
Event: 292.256 Thread 0x0000000022839990 flushing  nmethod 0x000000000e4bec90

Events (20 events):
Event: 292.558 Thread 0x000000007279b3b0 Thread exited: 0x000000007279b3b0
Event: 292.558 Thread 0x00000000772860e0 Thread exited: 0x00000000772860e0
Event: 292.558 Thread 0x0000000079afd5a0 Thread exited: 0x0000000079afd5a0
Event: 292.558 Thread 0x0000000069fa07e0 Thread exited: 0x0000000069fa07e0
Event: 292.558 Thread 0x0000000079275c50 Thread exited: 0x0000000079275c50
Event: 292.558 Thread 0x00000000772856c0 Thread exited: 0x00000000772856c0
Event: 292.558 Thread 0x0000000069f9fdc0 Thread exited: 0x0000000069f9fdc0
Event: 292.558 Thread 0x0000000077285bd0 Thread exited: 0x0000000077285bd0
Event: 292.558 Thread 0x000000007738c270 Thread exited: 0x000000007738c270
Event: 292.558 Thread 0x0000000069737d60 Thread exited: 0x0000000069737d60
Event: 292.558 Thread 0x000000007738a920 Thread exited: 0x000000007738a920
Event: 292.558 Thread 0x0000000079274d20 Thread exited: 0x0000000079274d20
Event: 292.558 Thread 0x000000006f8c5540 Thread exited: 0x000000006f8c5540
Event: 292.558 Thread 0x00000000698cd090 Thread exited: 0x00000000698cd090
Event: 292.558 Thread 0x0000000069736920 Thread exited: 0x0000000069736920
Event: 292.559 Thread 0x0000000069a79510 Thread exited: 0x0000000069a79510
Event: 292.602 Thread 0x00000000772865f0 Thread added: 0x00000000732c29d0
Event: 292.610 Thread 0x0000000076869f80 Thread added: 0x00000000772856c0
Event: 292.615 Thread 0x0000000076869f80 Thread added: 0x0000000077285bd0
Event: 292.615 Thread 0x0000000076869f80 Thread added: 0x0000000077287520


Dynamic libraries:
0x00007ff651a30000 - 0x00007ff651a3e000 	D:\Android\Java\jdk17.0.14.7\bin\java.exe
0x00007ffe695e0000 - 0x00007ffe69843000 	C:\WINDOWS\SYSTEM32\ntdll.dll
0x00007ffe68120000 - 0x00007ffe681e7000 	C:\WINDOWS\System32\KERNEL32.DLL
0x00007ffe66da0000 - 0x00007ffe67169000 	C:\WINDOWS\System32\KERNELBASE.dll
0x00007ffe67170000 - 0x00007ffe672bc000 	C:\WINDOWS\System32\ucrtbase.dll
0x00007ffe42ef0000 - 0x00007ffe42f07000 	D:\Android\Java\jdk17.0.14.7\bin\jli.dll
0x00007ffe37690000 - 0x00007ffe376ae000 	D:\Android\Java\jdk17.0.14.7\bin\VCRUNTIME140.dll
0x00007ffe68c60000 - 0x00007ffe68e2a000 	C:\WINDOWS\System32\USER32.dll
0x00007ffe667e0000 - 0x00007ffe66807000 	C:\WINDOWS\System32\win32u.dll
0x00007ffe4bc30000 - 0x00007ffe4bec0000 	C:\WINDOWS\WinSxS\amd64_microsoft.windows.common-controls_6595b64144ccf1df_6.0.26100.3323_none_3e088096e3344490\COMCTL32.dll
0x00007ffe67b30000 - 0x00007ffe67b5a000 	C:\WINDOWS\System32\GDI32.dll
0x00007ffe69400000 - 0x00007ffe694a9000 	C:\WINDOWS\System32\msvcrt.dll
0x00007ffe672c0000 - 0x00007ffe673f1000 	C:\WINDOWS\System32\gdi32full.dll
0x00007ffe66a20000 - 0x00007ffe66ac3000 	C:\WINDOWS\System32\msvcp_win.dll
0x00007ffe680e0000 - 0x00007ffe6810f000 	C:\WINDOWS\System32\IMM32.DLL
0x0000000068400000 - 0x000000006840d000 	C:\liujian-software\360\360Safe\safemon\SafeWrapper.dll
0x00007ffe692b0000 - 0x00007ffe69362000 	C:\WINDOWS\System32\ADVAPI32.dll
0x00007ffe678e0000 - 0x00007ffe67986000 	C:\WINDOWS\System32\sechost.dll
0x00007ffe67400000 - 0x00007ffe67516000 	C:\WINDOWS\System32\RPCRT4.dll
0x00007ffe60ab0000 - 0x00007ffe60bb4000 	C:\liujian-software\360\360Safe\safemon\libzdtp64.dll
0x00007ffe68430000 - 0x00007ffe68b45000 	C:\WINDOWS\System32\SHELL32.dll
0x00007ffe66810000 - 0x00007ffe66978000 	C:\WINDOWS\System32\wintypes.dll
0x00007ffe68e60000 - 0x00007ffe691e2000 	C:\WINDOWS\System32\combase.dll
0x00007ffe67b70000 - 0x00007ffe67bcd000 	C:\WINDOWS\System32\SHLWAPI.dll
0x00007ffe66190000 - 0x00007ffe6619b000 	C:\WINDOWS\SYSTEM32\VERSION.dll
0x00007ffe4d520000 - 0x00007ffe4d52c000 	D:\Android\Java\jdk17.0.14.7\bin\vcruntime140_1.dll
0x00007ffe37600000 - 0x00007ffe3768d000 	D:\Android\Java\jdk17.0.14.7\bin\msvcp140.dll
0x00007ffdc7160000 - 0x00007ffdc7dcb000 	D:\Android\Java\jdk17.0.14.7\bin\server\jvm.dll
0x00007ffe67570000 - 0x00007ffe675e4000 	C:\WINDOWS\System32\WS2_32.dll
0x00007ffe653d0000 - 0x00007ffe6541e000 	C:\WINDOWS\SYSTEM32\POWRPROF.dll
0x00007ffe5d770000 - 0x00007ffe5d7a6000 	C:\WINDOWS\SYSTEM32\WINMM.dll
0x00007ffe653b0000 - 0x00007ffe653c4000 	C:\WINDOWS\SYSTEM32\UMPDC.dll
0x00007ffe65650000 - 0x00007ffe6566a000 	C:\WINDOWS\SYSTEM32\kernel.appcore.dll
0x00007ffe4d4e0000 - 0x00007ffe4d4ea000 	D:\Android\Java\jdk17.0.14.7\bin\jimage.dll
0x00007ffe63f10000 - 0x00007ffe64151000 	C:\WINDOWS\SYSTEM32\DBGHELP.DLL
0x00007ffe681f0000 - 0x00007ffe682c6000 	C:\WINDOWS\System32\OLEAUT32.dll
0x00007ffe52f70000 - 0x00007ffe52fa9000 	C:\WINDOWS\SYSTEM32\dbgcore.DLL
0x00007ffe66980000 - 0x00007ffe66a19000 	C:\WINDOWS\System32\bcryptPrimitives.dll
0x00007ffe375d0000 - 0x00007ffe375f5000 	D:\Android\Java\jdk17.0.14.7\bin\java.dll
0x00007ffe374f0000 - 0x00007ffe375c7000 	D:\Android\Java\jdk17.0.14.7\bin\jsvml.dll
0x00007ffe644a0000 - 0x00007ffe64ce5000 	C:\WINDOWS\SYSTEM32\windows.storage.dll
0x00007ffe694b0000 - 0x00007ffe6959b000 	C:\WINDOWS\System32\SHCORE.dll
0x00007ffe666f0000 - 0x00007ffe6671f000 	C:\WINDOWS\SYSTEM32\profapi.dll
0x00007ffe374d0000 - 0x00007ffe374e9000 	D:\Android\Java\jdk17.0.14.7\bin\net.dll
0x00007ffe5f3e0000 - 0x00007ffe5f4fe000 	C:\WINDOWS\SYSTEM32\WINHTTP.dll
0x00007ffe65b70000 - 0x00007ffe65bda000 	C:\WINDOWS\system32\mswsock.dll
0x00007ffe374b0000 - 0x00007ffe374c6000 	D:\Android\Java\jdk17.0.14.7\bin\nio.dll
0x00007ffe37490000 - 0x00007ffe374a8000 	D:\Android\Java\jdk17.0.14.7\bin\zip.dll
0x00007ffe44eb0000 - 0x00007ffe44ec0000 	D:\Android\Java\jdk17.0.14.7\bin\verify.dll
0x00007ffe06160000 - 0x00007ffe06187000 	C:\Users\Administrator\.gradle\native\e1d6ef7f7dcc3fd88c89a11ec53ec762bb8ba0a96d01ffa2cd45eb1d1d8dd5c5\windows-amd64\native-platform.dll
0x00007ffde0f80000 - 0x00007ffde10c4000 	C:\Users\Administrator\.gradle\native\0d407fdbe67a94daf76414ababcb853783967236a71b16ec16e742cd7a986fd3\windows-amd64\native-platform-file-events.dll
0x00007ffe43f60000 - 0x00007ffe43f6a000 	D:\Android\Java\jdk17.0.14.7\bin\management.dll
0x00007ffe42e30000 - 0x00007ffe42e3b000 	D:\Android\Java\jdk17.0.14.7\bin\management_ext.dll
0x00007ffe69200000 - 0x00007ffe69208000 	C:\WINDOWS\System32\PSAPI.DLL
0x00007ffe65e20000 - 0x00007ffe65e3c000 	C:\WINDOWS\SYSTEM32\CRYPTSP.dll
0x00007ffe655b0000 - 0x00007ffe655ea000 	C:\WINDOWS\system32\rsaenh.dll
0x00007ffe65c10000 - 0x00007ffe65c3b000 	C:\WINDOWS\SYSTEM32\USERENV.dll
0x00007ffe66050000 - 0x00007ffe66076000 	C:\WINDOWS\SYSTEM32\bcrypt.dll
0x00007ffe65e10000 - 0x00007ffe65e1c000 	C:\WINDOWS\SYSTEM32\CRYPTBASE.dll
0x00007ffe661a0000 - 0x00007ffe661d3000 	C:\WINDOWS\SYSTEM32\IPHLPAPI.DLL
0x00007ffe68c50000 - 0x00007ffe68c5a000 	C:\WINDOWS\System32\NSI.dll
0x00007ffe5f1f0000 - 0x00007ffe5f20f000 	C:\WINDOWS\SYSTEM32\dhcpcsvc6.DLL
0x00007ffe5f050000 - 0x00007ffe5f075000 	C:\WINDOWS\SYSTEM32\dhcpcsvc.DLL
0x00007ffe650a0000 - 0x00007ffe651c5000 	C:\WINDOWS\SYSTEM32\DNSAPI.dll
0x00007ffe42c80000 - 0x00007ffe42c89000 	D:\Android\Java\jdk17.0.14.7\bin\extnet.dll
0x00007ffe42730000 - 0x00007ffe4273e000 	D:\Android\Java\jdk17.0.14.7\bin\sunmscapi.dll
0x00007ffe66ad0000 - 0x00007ffe66c47000 	C:\WINDOWS\System32\CRYPT32.dll
0x00007ffe66010000 - 0x00007ffe66040000 	C:\WINDOWS\SYSTEM32\ncrypt.dll
0x00007ffe65fc0000 - 0x00007ffe65fff000 	C:\WINDOWS\SYSTEM32\NTASN1.dll
0x00007ffe4d4a0000 - 0x00007ffe4d4a8000 	C:\WINDOWS\system32\wshunix.dll
0x00007ffe5cfc0000 - 0x00007ffe5cfcb000 	C:\Windows\System32\rasadhlp.dll
0x00007ffe5d040000 - 0x00007ffe5d0c5000 	C:\WINDOWS\System32\fwpuclnt.dll
0x00007ffe65770000 - 0x00007ffe657a5000 	C:\WINDOWS\SYSTEM32\ntmarta.dll

dbghelp: loaded successfully - version: 4.0.5 - missing functions: none
symbol engine: initialized successfully - sym options: 0x614 - pdb path: .;D:\Android\Java\jdk17.0.14.7\bin;C:\WINDOWS\SYSTEM32;C:\WINDOWS\WinSxS\amd64_microsoft.windows.common-controls_6595b64144ccf1df_6.0.26100.3323_none_3e088096e3344490;C:\liujian-software\360\360Safe\safemon;D:\Android\Java\jdk17.0.14.7\bin\server;C:\Users\Administrator\.gradle\native\e1d6ef7f7dcc3fd88c89a11ec53ec762bb8ba0a96d01ffa2cd45eb1d1d8dd5c5\windows-amd64;C:\Users\Administrator\.gradle\native\0d407fdbe67a94daf76414ababcb853783967236a71b16ec16e742cd7a986fd3\windows-amd64

VM Arguments:
jvm_args: --add-opens=java.base/java.util=ALL-UNNAMED --add-opens=java.base/java.lang=ALL-UNNAMED --add-opens=java.base/java.lang.invoke=ALL-UNNAMED --add-opens=java.base/java.util=ALL-UNNAMED --add-opens=java.prefs/java.util.prefs=ALL-UNNAMED --add-opens=java.prefs/java.util.prefs=ALL-UNNAMED --add-opens=java.base/java.nio.charset=ALL-UNNAMED --add-opens=java.base/java.net=ALL-UNNAMED --add-opens=java.base/java.util.concurrent.atomic=ALL-UNNAMED -Xmx2048m -Dfile.encoding=UTF-8 -Duser.country=CN -Duser.language=zh -Duser.variant 
java_command: org.gradle.launcher.daemon.bootstrap.GradleDaemon 7.4
java_class_path (initial): C:\Users\Administrator\.gradle\wrapper\dists\gradle-7.4-bin\c0gwcg53nkjbqw7r0h0umtfvt\gradle-7.4\lib\gradle-launcher-7.4.jar
Launcher Type: SUN_STANDARD

[Global flags]
     intx CICompilerCount                          = 12                                        {product} {ergonomic}
     uint ConcGCThreads                            = 4                                         {product} {ergonomic}
     uint G1ConcRefinementThreads                  = 15                                        {product} {ergonomic}
   size_t G1HeapRegionSize                         = 1048576                                   {product} {ergonomic}
    uintx GCDrainStackTargetSize                   = 64                                        {product} {ergonomic}
   size_t InitialHeapSize                          = 532676608                                 {product} {ergonomic}
   size_t MarkStackSize                            = 4194304                                   {product} {ergonomic}
   size_t MaxHeapSize                              = 2147483648                                {product} {command line}
   size_t MaxNewSize                               = 1287651328                                {product} {ergonomic}
   size_t MinHeapDeltaBytes                        = 1048576                                   {product} {ergonomic}
   size_t MinHeapSize                              = 8388608                                   {product} {ergonomic}
    uintx NonNMethodCodeHeapSize                   = 7602480                                {pd product} {ergonomic}
    uintx NonProfiledCodeHeapSize                  = 122027880                              {pd product} {ergonomic}
    uintx ProfiledCodeHeapSize                     = 122027880                              {pd product} {ergonomic}
    uintx ReservedCodeCacheSize                    = 251658240                              {pd product} {ergonomic}
     bool SegmentedCodeCache                       = true                                      {product} {ergonomic}
   size_t SoftMaxHeapSize                          = 2147483648                             {manageable} {ergonomic}
     bool UseCompressedClassPointers               = true                           {product lp64_product} {ergonomic}
     bool UseCompressedOops                        = true                           {product lp64_product} {ergonomic}
     bool UseG1GC                                  = true                                      {product} {ergonomic}
     bool UseLargePagesIndividualAllocation        = false                                  {pd product} {ergonomic}

Logging:
Log output configuration:
 #0: stdout all=warning uptime,level,tags
 #1: stderr all=off uptime,level,tags

Environment Variables:
JAVA_HOME=D:\Android\Java\jdk17.0.14.7
CLASSPATH=.;D:\Android\Java\jdk17.0.14.7\lib\dt.jar;D:\Android\Java\jdk17.0.14.7\lib\tools.jar
PATH=C:\Program Files (x86)\VMware\VMware Workstation\bin\;C:\Python27\;C:\Python27\Scripts;C:\WINDOWS\system32;C:\WINDOWS;C:\WINDOWS\System32\Wbem;C:\WINDOWS\System32\WindowsPowerShell\v1.0\;C:\WINDOWS\System32\OpenSSH\;C:\Program Files\TortoiseGit\bin;C:\Program Files\TortoiseSVN\bin;D:\Android\Java\jdk17.0.14.7\bin;D:\decompile\dex-tools-v2.4;C:\Program Files\Git\cmd;D:\Android\Sdk\platform-tools;D:\Android\Sdk\tools;D:\Android\Sdk\tools\bin;C:\Python27;C:\Python27\Scripts;C:\Python313\;C:\Python313\Scripts\;C:\OpenSSL-Win64\bin;E:\Download\sonar-scanner-cli\sonar-scanner\bin;;c:\liujian-software\cursor\resources\app\bin;C:\Users\Administrator\AppData\Local\Microsoft\WindowsApps;D:\Android\Java\jdk17.0.14.7\bin;D:\decompile\dex-tools-v2.4;D:\Android\Sdk\platform-tools;D:\Android\Sdk\tools;D:\Android\Sdk\tools\bin;C:\Python27;C:\Python27\Scripts;C:\Python313;C:\Python313\Scripts;C:\OpenSSL-Win64\bin;E:\Download\sonar-scanner-cli\sonar-scanner\bin;C:\liujian-software\cursor\resources\app\bin
USERNAME=Administrator
OS=Windows_NT
PROCESSOR_IDENTIFIER=Intel64 Family 6 Model 151 Stepping 2, GenuineIntel
TMP=C:\Users\ADMINI~1\AppData\Local\Temp
TEMP=C:\Users\ADMINI~1\AppData\Local\Temp



Periodic native trim disabled


---------------  S Y S T E M  ---------------

OS:
 Windows 11 , 64 bit Build 26100 (10.0.26100.3323)
OS uptime: 14 days 0:37 hours

CPU: total 20 (initial active 20) (10 cores per cpu, 2 threads per core) family 6 model 151 stepping 2 microcode 0x1e, cx8, cmov, fxsr, ht, mmx, 3dnowpref, sse, sse2, sse3, ssse3, sse4.1, sse4.2, popcnt, lzcnt, tsc, tscinvbit, avx, avx2, aes, erms, clmul, bmi1, bmi2, adx, sha, fma, vzeroupper, clflush, clflushopt, clwb
Processor Information for processor 0
  Max Mhz: 2100, Current Mhz: 2100, Mhz Limit: 2100
Processor Information for processor 1
  Max Mhz: 2100, Current Mhz: 2100, Mhz Limit: 2100
Processor Information for processor 2
  Max Mhz: 2100, Current Mhz: 2100, Mhz Limit: 2100
Processor Information for processor 3
  Max Mhz: 2100, Current Mhz: 2100, Mhz Limit: 2100
Processor Information for processor 4
  Max Mhz: 2100, Current Mhz: 2100, Mhz Limit: 2100
Processor Information for processor 5
  Max Mhz: 2100, Current Mhz: 2100, Mhz Limit: 2100
Processor Information for processor 6
  Max Mhz: 2100, Current Mhz: 2100, Mhz Limit: 2100
Processor Information for processor 7
  Max Mhz: 2100, Current Mhz: 2100, Mhz Limit: 2100
Processor Information for processor 8
  Max Mhz: 2100, Current Mhz: 2100, Mhz Limit: 2100
Processor Information for processor 9
  Max Mhz: 2100, Current Mhz: 2100, Mhz Limit: 2100
Processor Information for processor 10
  Max Mhz: 2100, Current Mhz: 2100, Mhz Limit: 2100
Processor Information for processor 11
  Max Mhz: 2100, Current Mhz: 2100, Mhz Limit: 2100
Processor Information for processor 12
  Max Mhz: 2100, Current Mhz: 2100, Mhz Limit: 2100
Processor Information for processor 13
  Max Mhz: 2100, Current Mhz: 2100, Mhz Limit: 2100
Processor Information for processor 14
  Max Mhz: 2100, Current Mhz: 2100, Mhz Limit: 2100
Processor Information for processor 15
  Max Mhz: 2100, Current Mhz: 2100, Mhz Limit: 2100
Processor Information for processor 16
  Max Mhz: 2100, Current Mhz: 1600, Mhz Limit: 1596
Processor Information for processor 17
  Max Mhz: 2100, Current Mhz: 1600, Mhz Limit: 1596
Processor Information for processor 18
  Max Mhz: 2100, Current Mhz: 1600, Mhz Limit: 1596
Processor Information for processor 19
  Max Mhz: 2100, Current Mhz: 1600, Mhz Limit: 1596

Memory: 4k page, system-wide physical 32443M (5974M free)
TotalPageFile size 61483M (AvailPageFile size 1002M)
current process WorkingSet (physical memory assigned to process): 2219M, peak: 2761M
current process commit charge ("private bytes"): 2290M, peak: 2881M

vm_info: OpenJDK 64-Bit Server VM (17.0.14+7) for windows-amd64 JRE (17.0.14+7), built on Jan 21 2025 23:40:15 by "admin" with MS VC++ 17.7 (VS2022)

END.
